Date,Text
2010-04-07,Cotton no longer king in the Mississippi Delta - ABC News
2010-04-26,India cotton seen down on export ban - FashionNetwork USA - The World's Fashion Business News
2010-06-20,"Switch activity, liquidation spotlighted as cotton prices end mixed - Lubbock Avalanche-Journal"
2010-10-15,Cotton Prices Hit Record Highs; Shortage Feared - CNBC
2010-10-27,Cotton Prices Highest Since US Civil War - CNBC
2010-10-27,"For Exploited Uzbek Farmers, High Cotton Prices Only Enrich Overlords - Radio Free Europe/Radio Liberty"
2010-11-03,Rising cotton prices will result in higher prices for clothes - Cleveland.com
2010-11-03,Clothing to Get More Expensive in 2011 as Cotton Prices Rise - Yahoo
2010-11-27,Cotton gin hopes to boost efficiency in ginning record cotton crop - Lubbock Avalanche-Journal
2010-12-13,"Wanted: Sustainable, Cheap Alternatives to Cotton - Fast Company"
2010-12-30,Glory Days of the Cotton Exchange - New Orleans Magazine
2011-01-02,Cotton yield near record high - Amarillo Globe-News
2011-01-08,High prices have US farmers planting more cotton - Lubbock Avalanche-Journal
2011-01-30,Hoarding Cotton - WSJ
2011-02-12,Biopolymer Research Institute looks for ways to improve quality and value of area cotton - Lubbock Avalanche-Journal
2011-02-16,Cotton prices to drive up clothing cost - Hornell Evening Tribune
2011-02-17,Cotton hits $2 a pound - The Guardian
2011-03-09,The End of the Dollar Bill? High Cotton Prices Could Force $1 Coin - time.com
2011-03-14,Soaring Cotton Costs Pinch Retailers | Price jumps will likely be passed onto consumers - Worcester Business Journal
2011-03-18,Growing Alternatives to Pricey Cotton - CNBC
2011-04-06,Tajikistan plans to temporarily impose export duty on raw cotton - Азия-Плюс
2011-04-27,Primark warns rising cotton prices will hit margins - The Telegraph
2011-05-27,International cotton prices fall - Азия-Плюс
2011-06-24,Cotton crop insurance claims at all time high - KCBD
2011-08-11,Queensland cotton farmers gain national recognition - ABC News
2011-10-28,Why Tanzania's cotton crop is still bound up with poverty - The Guardian
2011-12-13,USDA sees 15.83 million bale U.S. cotton crop - Farm Progress
2011-12-14,China Nov cotton imports up 199.6pc on year - The Financial Express | First Financial Daily of Bangladesh
2012-03-06,"Hoarding, Lawsuits and Monster Losses: Here's What Happened the Last Time Cotton Prices Surged - Business Insider"
2012-05-07,Go bullish on cotton as expectations of a drop in the acreage for cultivation may push up the price - The Economic Times
2012-06-09,Record cotton yield possible in northeast Arkansas - Lubbock Avalanche-Journal
2012-06-27,Disband Cotton Ginners’ Association: Parliament - heraldonline.co.zw
2012-09-05,The true costs of cotton - Environmental Justice Foundation
2012-09-05,Irrigation failing White Nile cotton crop - Radio Tamazuj
2012-09-28,Whatever happened to dollar cotton? - Farm Progress
2012-10-03,Cotton ginning has months to go in the Riverina - ABC News
2012-11-01,"In this economy, push cotton crop with all you’ve got - Farm Progress"
2012-11-08,15 million cotton bales expected this year - The Nation (Pakistan )
2012-11-11,"Tajik cotton growers need free market for sale of raw materials, says expert - Азия-Плюс"
2012-11-23,Cotton crop shows minimal improvement - Lubbock Avalanche-Journal
2013-01-02,Spurt in cotton yarn prices to help mills - Mint
2013-02-05,"2012 cotton crop remembered as record-breaking, heart-breaking - Farm Progress"
2013-02-11,Cotton acreage taking big dip in 2013 - Farm Progress
2013-02-28,Government sets 6% higher cotton production target - The Express Tribune
2013-05-12,Karonga farmers cry over poor cotton prices - Malawi Nyasa Times
2013-06-19,Global cotton production to exceed consumption for 4th consecutive year - Economic Research Service (.gov)
2013-08-20,Cotton production expected to grow by 4.5% in 2013-14 - Business Standard
2013-08-27,Is it time to shut down southeast Alabama's cotton crop? - Farm Progress
2013-09-19,Cotton reserves equal 3 pairs of jeans for every person in the world – Chemicals and the Economy - ICIS
2013-10-20,"Record cotton crop in Gujarat this year, exports may double - India TV News"
2013-10-31,Mattson Farms hits banner cotton yields - Farm Progress
2013-11-01,Cotton futures ease over forecast worries - The Weekly Times
2013-12-23,Cotton crop misses target for sixth year in a row - Dawn
2014-01-04,Tajik authorities name factors that affect cotton growing - Азия-Плюс
2014-01-24,"Tajikistan ready to cultivate cotton for global defense industry, says Tajik official - Азия-Плюс"
2014-01-26,Cotton stages bit of a comeback in area - Gainesville Sun
2014-02-19,13.3m bales of cotton produced - Dawn
2014-03-03,Stagnant cotton production - Dawn
2014-03-06,"Last year’s cotton crop longer, stronger, leafier - Farm Progress"
2014-03-12,Dryland cotton creeps south - ABC News
2014-03-21,Cotton prices slip as US supply rises and China’s imports fall – Chemicals and the Economy - ICIS
2014-04-02,"ISAAA Produces Infographic on ""7 Wonders of Bt Cotton"" - ISAAA.org"
2014-04-06,Mahyco moves High Court questioning ban on Bt cotton seeds - The Hindu
2014-05-17,Cotton crop transforms a dry lake bed - The Australian
2014-07-01,"Cotton Prices Continue to Drop in June, Near 52-Week Low - Sourcing Journal"
2014-07-13,International cotton prices continue to tumble - NewsDay Zimbabwe
2014-07-29,Cotton prices suffer worst crash in 55 years – Chemicals and the Economy - ICIS
2014-08-07,Are Cotton Prices Finding A Bottom? - See It Market
2014-08-16,Cotton fights weeds to bloom on schedule - Lubbock Avalanche-Journal
2014-09-16,Cotton replaces lettuce crop - The Weekly Times
2014-10-01,Hedge funds influence cotton market - Farm Progress
2014-10-12,Damage to cotton crop now estimated at 24k acres - thv11.com
2014-10-26,"Despite low prices, cotton farmers optimistic about crop - Montgomery Advertiser"
2014-10-30,"Forecast of rain, winds worries groundnut, cotton cultivators - The Indian Express"
2014-11-02,Farmers harvesting cotton in 'good average year' - The Augusta Chronicle
2014-11-03,Tajikistan reaches nearly 84 percent of 2014 cotton target - Азия-Плюс
2014-12-05,Women cotton pickers find power - The Express Tribune
2015-01-18,Cotton production on the rebound - heraldonline.co.zw
2015-02-10,Survey: Farmers to plant less cotton - Lubbock Avalanche-Journal
2015-02-18,"Tajikistan’s cotton fiber exports estimated at nearly 12,000 tons in January - Азия-Плюс"
2015-03-08,Ginners get nod to set cotton prices - PressReader
2015-03-23,Cotton crops pummelled and horses killed in super cell storm - ABC News
2015-03-25,Spinning mills worried as cotton prices rise - Business Standard
2015-04-02,Farmer suicides climbing in India amid cotton slump - The Seattle Times
2015-04-03,Cotton price rises by Rs50 - Dawn
2015-04-05,RURAL INSIGHT: Gokwe replaces cotton with bricks - heraldonline.co.zw
2015-04-07,Race to the bottom: Cotton vs polyester prices - Agweek
2015-04-10,"Drought, nut crops contribute to shrinking cotton production in the Valley - ABC30 Fresno"
2015-04-30,"Cotton price may touch Rs 38,000 per candy by July this year - Business Standard"
2015-05-11,Early cotton crop sowing in lower Sindh - Dawn
2015-06-19,Mwenefumbo says Karonga cotton farmers worry over Admarc’s move - Malawi Nyasa Times
2015-06-23,Egypt's Famous Cotton Crop Dwindles - The Business of Fashion
2015-07-09,Desi Bt cotton: Will Indian farmers finally see an alternative to Monsanto’s Bollard? - The Indian Express
2015-07-09,How a Cotton Bubble in 1830s Mississippi Revealed the Cracks in the Slave Economy - Slate
2015-07-28,Cotton Continues to Fall Out of Favor With Virginia Farmers - Lancaster Farming
2015-07-29,"Whitefly attack: Farmers uproot cotton crop in Sirsa, Fatehabad - Tribune India"
2015-08-06,Mid-season control necessary on rain-fed weeds in cotton - AgriLife Today
2015-08-07,A Once-Flourishing Pima Cotton Industry Withers in an Arid California (Published 2015) - The New York Times
2015-08-17,Cold wet spring makes for later cotton blooms this year - The Clarion-Ledger
2015-08-23,"Whitefly attack gets multifold in region, cotton growers in distress | Hindustan Times - Hindustan Times"
2015-08-25,Arkansas cotton looks good after slow start - Farm Progress
2015-09-15,Dry spell precipitating damage to cotton crop in Haryana | Hindustan Times - Hindustan Times
2015-09-21,Rain to decrease whitefly attack on cotton crop | Hindustan Times - Hindustan Times
2015-10-06,"Whitefly attack: Farmers prefer BT cotton varieties, PAU develops none - The Indian Express"
2015-10-07,Young Indian Bt Cotton Farmers Meet and Greet African Delegates - ISAAA.org
2015-10-09,Pest blights India's genetically modified cotton crop - Moneycontrol.com
2015-10-13,"30,000 Farmer Suicides In Cotton Belt: When Will Govt Protect The Farmers And Not Mansanto? - thecitizen.in"
2015-10-18,GM cotton: whitefly attack raises anxiety among farmers - The Hindu
2015-11-03,Tajikistan reaches about 67 percent of the 2015 cotton target - Азия-Плюс
2015-11-04,Weak cotton prices hit ginning units - Business Standard
2015-11-17,"The Legacy of ""King Cotton"" - Reuters"
2015-11-19,"Once king, US cotton farming declines - The Namibian -"
2015-12-11,Malawi cotton farmers to smile all the way to the bank - Malawi Nyasa Times
2015-12-22,Cotton Prices End 2015 3% Higher than Year-Ago - Sourcing Journal
2015-12-29,"After years of drought, cotton farmers welcome West Texas snowstorm - Agweek"
2015-12-30,"Cheap cotton, rainy spring: 2015's biggest news from rural South Plains - Lubbock Avalanche-Journal"
2016-01-05,Textile mills cry foul over increased cotton adulteration - Business Standard
2016-01-21,Cotton prices: Pakistan comes to Gujarat farmers’ rescue - The Indian Express
2016-02-17,Peter Tuohey of Daisy Lodge at Carrathool sold on the future of cotton - The Weekly Times
2016-02-22,GM cotton gets an extra gene to keep bugs at bay - ABC News
2016-02-24,Indian researchers developing new insect resistant GMO cotton varieties - Genetic Literacy Project
2016-03-18,China’s 11 million tons of cotton might lead to cheaper jeans - marketplace.org
2016-03-20,"Hot, dry end to cotton growing season reduces yield potential in north west NSW - ABC News"
2016-03-30,A Black (White) Hole in the Global Spread of GM Cotton - ISAAA.org
2016-04-24,Cotton price higher on short supply - Dawn
2016-04-25,Telangana CM Urges Farmers to Avoid Cotton Crop - The Dollar Business
2016-05-04,Cotton farmers repay K700 000 out of K2bn loan obtained - Malawi Nyasa Times
2016-05-10,10 keys to containing the cost of your cotton crop - Farm Progress
2016-06-12,Egypt’s ‘white gold’ cotton crop suffers - The Arab Weekly
2016-06-14,"Indian cotton supply chain benefits traders, hurts farmers - Cornell Chronicle"
2016-07-14,Cropping Patterns: Non-Bt desi cotton makes comeback in North-West India - The Indian Express
2016-07-20,"Excessive heat, lack of rain combine to stress cotton - Lubbock Avalanche-Journal"
2016-08-03,"Punjab: Area under rice goes up; basmati, cotton slide - The Indian Express"
2016-08-15,Hope for revival of cotton crop in Sindh - Dawn
2016-08-25,Monsanto Pulls New GM Cotton Seed from India in a ‘Major Escalation’ - Fortune
2016-08-30,Cotton crop suffers damage from flooding rains - The News-Star
2016-09-08,Zimbabwe: Cotton Industry On Verge of Collapse? - allAfrica.com
2016-10-03,Global cotton production projected to rebound from 13-year low - Economic Research Service (.gov)
2016-10-10,"Windmill Country: Cotton crop nearing harvest, or already there in some areas - Abilene Reporter-News"
2016-10-12,U.S. Cotton Supplies to Fall on Stronger Demand From China; Prices Soar - Bloomberg.com
2016-10-12,Farmers force suspension of auction at Halvad APMC over low cotton prices - The Indian Express
2016-10-23,Domestic cotton prices likely to ease in coming months - Moneycontrol.com
2016-10-24,Bollgard 3 dominates Aust cotton crop - Queensland Country Life
2016-10-29,Rain spurs good year for Big Country cotton crop - Abilene Reporter-News
2016-11-01,Cotton prices drop 8% in Oct to match global levels - The Economic Times
2016-11-23,Govt hopes cotton production target will be met - The Express Tribune
2017-01-13,Cotton faces competition from synthetic fibers - Farm Progress
2017-01-13,Cotton buyers focus on domestic stocks - Dawn
2017-01-20,Dryland cotton industry growing in new regions | The Land | NSW - The Land
2017-01-27,Changes on horizon for cotton quality insurance provisions for farmers - Farm Progress
2017-02-03,High hopes for cotton crop - Queensland Country Life
2017-02-05,Off-target weed herbicide spray drift damages more than half of NSW's cotton crops - ABC News
2017-02-06,South Carolina cotton acres expected to increase in 2017 - Farm Progress
2017-02-14,"90% of cotton 'Made in Egypt' is fake, Cotton Association says - Al Arabiya English"
2017-03-02,Consumption exceeding production in the global cotton industry for second consecutive year - Economic Research Service (.gov)
2017-03-04,Cotton yield rises 10-20% with spray of human hair amino acids and cow urine - The Times of India
2017-03-07,Punjab plans to save cotton crop from whitefly attack - Fibre2Fashion
2017-03-08,Sudan receives first cotton crop revenues from USA - Dabanga Radio TV Online
2017-03-10,Kenya to revive cotton farming with mechanisations - ALCHEMPro
2017-03-16,Blues Harmonica Legend James Cotton Dead at 81 - Ultimate Classic Rock
2017-03-16,"James Cotton, Blues Harmonica Veteran, Dead at 81 - Rolling Stone"
2017-04-04,World cotton production to grow 1% in 2017-18: ICAC - Fibre2Fashion
2017-04-05,Textile giants eye Uganda’s organic cotton - Uganda Observer
2017-04-09,MCX traders can see cotton prices in candy too - Business Standard
2017-04-13,Late rain boosts cotton crop outlook - Queensland Country Life
2017-05-11,India’s cotton area to rise 15% as prices rally - Arab News
2017-05-15,Cotton Squeeze Sends Prices to Highest Since 2014 - Bloomberg.com
2017-05-23,Couple determined to stick with cotton trial - The Weekly Times
2017-06-09,Drought-tolerant cotton crop best for high yield - The Express Tribune
2017-06-28,Cotton crop in top grower seen at three-year high on local price - Business Standard
2017-07-12,Global Cotton Production Continues to Recover - textilegence.com
2017-07-19,Top 5 countries to produce 76% of global cotton crop - Fibre2Fashion
2017-07-29,Early pink bollworm attack dashes hopes of cotton farmers - The New Indian Express
2017-08-05,"Trans-shipment facility for cotton at Tuticorin Port, MSMEs to benefit: SIMA - KNN India"
2017-08-14,"After floods, pink bollworm infestation affects cotton crop in Gujarat - Business Standard"
2017-08-14,Pests threaten Sindh’s Bt cotton production - Dawn
2017-08-15,Cotton crop could be largest in decade - texasfarmbureau.org
2017-08-22,Cotton crop hit by severe pest attack - Dawn
2017-08-22,"Whitefly, PBW Attack On Cotton Crop Increases - UrduPoint"
2017-08-29,Could Harvey Lead to a Smaller Cotton Crop? - American Farm Bureau Federation
2017-08-31,Hold the water: Expert says wait until cotton flowering stage to irrigate - AgriLife Today
2017-09-02,"Monsoon rains damage 10-15% of cotton, onion crops in Sindh - The Express Tribune"
2017-09-05,Expectations of bumper cotton crop in Telangana raises spectre of chaos - Mint
2017-09-12,Market worry for cotton growers in Western Odisha - The New Indian Express
2017-09-26,Cotton crop hit by severe pest attack in South Punjab - The Express Tribune
2017-09-27,Kenya to Start National Performance Trials for Bt Cotton - ISAAA.org
2017-10-15,Cotton crop hit by heavy rains - The Hindu
2017-10-16,"Cotton crop halfway harvested, seed prices expected to plummet as compared to 2016 - Talk Business & Politics"
2017-10-19,Quality cotton prices may stay above Maharashtra floor price until January - The Economic Times
2017-10-20,"Cool, wet falldelays High Plains cotton. - Farm Progress"
2017-10-27,Southern region poised to become Australia’s biggest cotton growing area this year - Grain Central
2017-11-01,Cotton gains ground with up-to-date harvesting tech - Farmer's Weekly SA
2017-11-08,YSR District : YSRCP Rythu Vibhagam President MVS Nagireddy speaks on cotton crop problems - ysrcongress.com
2017-11-17,Pink bollworm may eat up half of Maharashtra’s cotton crop - The Hindu
2017-11-23,Cotton prices to remain above MSP in short term - The Economic Times
2017-11-30,25-cent sacks of candy help woman open own business after cotton crop fails in 1930s - El Paso Times
2017-11-30,Pest attack on cotton crop in Maharashtra worsens farm sector crisis | Mumbai news - Hindustan Times
2017-12-01,BG-III cotton: super weeds threat looms large - The Hindu
2017-12-02,Texas Cotton Crop Looks Exceptional - Cotton Grower
2017-12-03,Commercial cotton crop in Queensland's Gulf Country goes large-scale - ABC News
2017-12-06,"Maharashtra: 50% cotton crop under pest attack, losses touch Rs 15,000 crore - The Times of India"
2017-12-06,Maharashtra government seeks Centre aid for pest-infested cotton crop | Mumbai news - Hindustan Times
2017-12-07,Optimal pre-plant irrigation and fertilization can improve biomass accumulation by maintaining the root and leaf productive capacity of cotton crop - Nature
2017-12-07,NCP wants govt to pay cotton farmers loss - The Asian Age
2017-12-11,Cotton price increase is not sustainable: ITF - FashionNetwork India - The World's Fashion Business News
2017-12-27,Lower cotton prices revive hope for spinning mills - Mint
2018-01-01,Disaster strikes: Maha farmers lose 84% cotton crop to pest attack | Mumbai news - Hindustan Times
2018-01-03,"Cotton price soars to Rs8,100 per maund - Dawn"
2018-01-15,"US Cotton Prices Shoot Up, Following a Rise in Demand - Spend Matters"
2018-01-16,Difficult to say Bt cotton crop yield loss due to pink bollworm attack: FSII - The Economic Times
2018-01-19,Pickers begin to roll through 4.3-million-bale cotton crop - Grain Central
2018-01-19,Forbes climate suits irrigated cotton - The Land
2018-01-22,Australia's earliest cotton harvested in Queensland as Ord gears up for historic first crop - ABC News
2018-02-05,Tajikistan plans to extend areas under cotton - Азия-Плюс
2018-02-13,Calculating PLC Payments for the Seed Cotton Program - Cotton Grower
2018-02-18,"Haiti - Agriculture : The cotton sector could create nearly 17,000 jobs in 5 years - HaitiLibre.com"
2018-02-23,Cotton rallies above highs of prior two weeks - Lubbock Avalanche-Journal
2018-02-25,Dry weather ideal for harvesting outstanding cotton crop - Times Record News
2018-02-27,Momentum builds to resurrect a cotton industry in WA's Ord Irrigation Scheme - ABC News
2018-04-05,Renewed buying on cotton market - Dawn
2018-04-12,Delhi High Court Says Monsanto Can’t Have GM Cotton Patents - The Wire Science
2018-04-18,Cotton harvest begins - The Weekly Times
2018-04-28,Growers cottoning on bonanza - The Australian
2018-04-30,All hands on deck for cotton picking at community farm - ABC News
2018-05-03,Cotton seed production cutoff - Krishi Jagran
2018-05-08,Soil compaction key constraint to cotton returns + VIDEOS - Grain Central
2018-05-18,Demand for local cotton varieties gaining momentum in Maharashtra - The Financial Express
2018-05-29,How to Best Manage Late Cotton Planting in Georgia - Cotton Grower
2018-05-29,"Cotton exports estimated to reach 7.5 million bales, highest in 4 years - Business Standard"
2018-06-13,Cotton bales in clover - The Weekly Times
2018-06-13,India sells new season cotton crop to China in rare advance deals - Moneycontrol.com
2018-06-14,Increasing cotton prices could trip margins at spinning mills - Mint
2018-06-20,Safina New Pesticide Launched from BASF for Cotton & Vegetable Crops - Krishi Jagran
2018-06-23,"Double whammy: Spike in dye, cotton prices worry textile industry - The Times of India"
2018-06-28,Tight supply to keep cotton prices firm in FY19: report - Moneycontrol.com
2018-07-13,Climate Change Crisis: Why Fatuhi Khera In Punjab Changed From Cotton To Rice - Indiaspend
2018-07-23,"Number of bollworms ‘decidedly higher’ in Arkansas, could hurt cotton crop - Talk Business & Politics"
2018-07-24,Better steps led to enhanced cotton output - The Nation (Pakistan )
2018-07-30,Texas Tech to host international cotton school - Lubbock Avalanche-Journal
2018-07-31,What to double crop after dryland cotton? + Pittsworth update pics - Grain Central
2018-07-31,60 days after sowing: Pink bollworms attack Maha cotton crop again - The Financial Express
2018-08-10,Poor rains likely to hit Gujarat cotton crop - The Financial Express
2018-08-27,Maharashtra: Cotton crop in 700 villages hit by pink bollworm - Moneycontrol.com
2018-08-29,The pink bollworm menace adds to Maharashtra cotton farmers’ distress - Mongabay-India
2018-08-30,Cotton market sees brisk trading - Profit by Pakistan Today
2018-08-30,115 tehsils in Maharashtra declared 'cotton growing' areas - Business Standard
2018-09-13,Drastic fall predicted in cotton production - Profit by Pakistan Today
2018-09-14,"Pink Bollworm infestation in cotton crop drops, now in 20 villages instead of 700 - The Indian Express"
2018-09-15,"80,000Ha of cotton crop using illegal HT seeds: Agri officials - The Times of India"
2018-09-20,How to Manage Hurricane-Damaged Cotton - Cotton Grower
2018-09-24,"Monsoon in Punjab, Haryana: Rains affect life in states; damage paddy, cotton crop - The Financial Express"
2018-09-24,Cotton worms devastate Raqqa crops in latest blow to struggling agricultural sector - Syria Direct
2018-09-25,Continuous rains imperil cotton crop especially in Northeast Arkansas - Talk Business & Politics
2018-09-25,‘What do you do’ after another storm wipes out cotton crop? - E&E News by POLITICO
2018-10-12,Heartland farmer grows only cotton crop in Illinois - KFVS12
2018-10-15,"Agricultural damage from Hurricane Michael forecast to top $1.3 billion, led by cotton and pecans - CNBC"
2018-10-15,"Georgia’s cotton crop impacted by D.C. politics, China trade war, odd weather all summer long - SaportaReport"
2018-10-18,Cotton crop has done well but dangers loom - Talk Business & Politics
2018-10-21,"Hurricane Michael struck at the worst time for Florida and Georgia pecan, cotton farmers - Tallahassee Democrat"
2018-10-21,Feature: Egyptian farmers hopeful for profitable cotton season - Xinhua | English.news.cn - 新华网
2018-10-31,UGA economists estimate up to $600 million in cotton damage from Hurricane Michael - University of Georgia Office of Research
2018-11-02,Remember when Cottonseeds were Poisonous? Not anymore! (Sort of.) - Modern Farmer
2018-11-17,Cotton crop thrives in the Kimberley after past failures - ABC News
2018-11-20,Exogenously applied growth regulators protect the cotton crop from heat-induced injury by modulating plant defense mechanism - Nature
2018-11-26,Buttermilk-based bioformulation helps in cotton disease control - Down To Earth
2018-11-27,"Raw materials outlook: Cotton, rubber prices to stabilize in 2019 - World Bank Blogs"
2018-11-29,Northern rain spurs on dryland cotton - The Land
2018-12-01,Crop loss haunts Balangir cotton farmers - The New Indian Express
2018-12-05,"Farmers, USDA celebrate demise of pink bollworm, a cotton-killing pest - Cronkite News"
2018-12-12,"Winter storms, high winds pose problems for late cotton harvest - KCBD"
2018-12-22,Zimbabwe: Farmers' Union Forewarns Cotton Farmers - allAfrica.com
2019-01-02,Cotton crop part of Kenya's 'Big Four' action plan - Fibre2Fashion
2019-01-18,Brazil's 2018-19 cotton crop to make new record: CEPEA - ALCHEMPro
2019-01-26,Some of cotton crop remains unharvested - Moultrie Observer
2019-02-07,CAI reduces India’s 2018-19 cotton production estimate to 330 lakh bales - The Economic Times
2019-02-12,"ECC decides to focus on research, collaboration with China to enhance cotton yield - RADIO PAKISTAN"
2019-02-20,Cotton whisperers share their secrets - The Weekly Times
2019-02-20,"Subdued demand, sufficient stocks weigh on cotton price despite lower output forecast - Moneycontrol.com"
2019-02-22,Bore irrigated cotton crop marching on - Queensland Country Life
2019-03-04,Is California’s Pima Cotton Industry in Danger of Drying Up? - Cotton Grower
2019-03-18,Cotton Acres to Climb in Northern Texas Panhandle - Cotton Grower
2019-03-26,Gokwe North Cotton Farmers Hard Hit By Drought - Pindula News
2019-03-30,CCI starts sale of cotton procured under MSP - The Financial Express
2019-04-03,Cotton yields/quality hit by big dry; price eases the pain - Grain Central
2019-04-10,Cotton prices soar in Punjab but farmers won’t benefit - The Times of India
2019-04-15,India's cotton crop output to decline to 343 lakh bales in FY19: CITI - Moneycontrol.com
2019-04-20,800 Gujarat ginning factories facing acute shortage of cotton - The Financial Express
2019-05-03,Egypt’s cotton market: A balancing act - Economy - Business - Ahram Online
2019-05-08,US Cotton Production Expected to Reach Highest in 14 Years - Sourcing Journal
2019-05-11,CAI further lowers 2018-19 cotton crop to 315 lakh bales - Fibre2Fashion
2019-05-13,CAI further lowers 2018-19 cotton crop to 315 lakh bales - FashionNetwork India - The World's Fashion Business News
2019-05-15,Government fixes cotton prices for 2019/2020 crop season - Ghanaian Times
2019-05-28,Hail Damage and Your Cotton Crop | Notes in the Margins: Agronomy and Weed Science Musings - UC Agriculture and Natural Resources
2019-05-29,Cotton rises in sync with New York futures rate - The Economic Times
2019-06-03,National cotton crop almost halved by drought - ABC News
2019-06-13,Australian cotton prices start to lose their gloss - Grain Central
2019-06-20,Steps afoot to shield Bt cotton crop - Tribune India
2019-06-22,Management and Control of Sucking Pests and White Fly in Cotton - Krishi Jagran
2019-06-26,"Watch: Locust infestation in Pakistan, cotton farmers worried - Gulf News"
2019-06-26,Dist sees hike in per hectare yield of cotton crop - Tribune India
2019-07-08,‘Locusts! Locusts!’: Pakistan’s crucial cotton crop under threat - Al Jazeera
2019-07-10,"Farmers stay away from cotton, prefer other crops due to better incentives - Business Standard"
2019-07-22,Agro-experts inspect cotton crop sown with drip irrigation - Tribune India
2019-07-22,Half of Indian textile raw material cost due to cotton - FashionNetwork India - The World's Fashion Business News
2019-07-24,Argentina Successfully Develops Boll Weevil-Resistant Cotton - ISAAA.org
2019-07-24,Fresh rainfall has cotton growers on edge - Tribune India
2019-07-26,"US Cotton: White, Fluffy and Cheap - DTN Progressive Farmer"
2019-07-27,Cotton is half of total raw material cost in the Indian textile industry - Textile Today
2019-08-11,Namoi Valley cotton farms sold to local families for $35m - AFR
2019-08-11,Adilabad: Pink bollworm back to attacking cotton - Deccan Chronicle
2019-08-11,Namoi Valley cotton farms sold to local families for $35m - CommercialRealEstate.com.au
2019-08-12,U.S. Cotton Production Up From Last Year - Southeast AgNET
2019-08-13,Cotton growers rent boom sprayers for pest control - Tribune India
2019-09-09,"Bt cotton regains farmers' confidence, acreage under crop goes up to 93.6% - Business Standard"
2019-09-10,Role of mineral nutrition in alleviation of heat stress in cotton plants grown in glasshouse and field conditions - Nature
2019-09-19,GM cotton could soon be grown in South Australia - ABC News
2019-09-19,Cotton production falls by 26pc - Dawn
2019-09-19,Cotton production drops 26 percent amidst varying prices - Profit by Pakistan Today
2019-09-20,"Cotton prices start rising on monsoon-led crop damage, pink bollworm attack - Business Standard"
2019-10-01,"Commodities: Cotton prices touch Rs9,000 - Dawn"
2019-10-14,Kaveri Seeds to focus on non-cotton crops - The Hans India
2019-10-17,First report of cotton blue disease in the United States - Phys.org
2019-10-24,Heatwave destroys one-third of cotton crop in Pakistan - The Express Tribune
2019-10-24,Challenges that the cotton industry in India are going to face this year - ClearTax Chronicles
2019-11-05,Cotton crop suffers major losses - Dawn
2019-11-05,Pakistan’s textile traders fear cotton shortage may trigger export decline - Arab News PK
2019-11-19,Cargill Cotton headquarters moving to Downtown Memphis from Cordova - The Commercial Appeal
2019-11-19,Cotton Row Revival? Cargill Cotton Returning to Downtown Memphis - Cotton Grower
2019-11-28,Gujarat: Pest onslaught may hit cotton production - The Times of India
2019-12-04,Drought decimates Australia's cotton prospects - The Land
2019-12-10,Cotton vs. Polyester: Which Fabric Reigns Supreme? - Fibre2Fashion
2019-12-11,"After 4 yrs of loss, Punjab set to reap bumper cotton crop - The Indian Express"
2019-12-13,Cotton crop endures extreme heat - Queensland Country Life
2019-12-19,Climate damage to cotton crop ripples through economy - Dawn
2019-12-28,Cotton production estimated at 9.451m bales - Dawn
2020-01-02,Cotton prices forecast to fall in 2019/20 and 2020/21 as supplies hit record levels and outstrip demand - American Journal of Transportation
2020-01-03,Maharashtra farmers are asserting their freedom by celebrating HTBt cotton crop harvest - ThePrint
2020-01-04,"Global cotton prices forecast to fall in 2019-20, 2020-21 - Fibre2Fashion"
2020-01-06,Acreage Survey: Cotton Acres Rein In Slightly for 2020 - Cotton Grower
2020-01-06,Cotton crop better than expected - Talk Business & Politics
2020-01-11,Pakistan misses cotton bales target by 7m in 2019 - Profit by Pakistan Today
2020-01-15,Genome Studies Show Genetic Variation of Lint Yield Components under Salty Field Conditions in Cotton - ISAAA.org
2020-01-19,Cotton production declines to 8.3m bales - Dawn
2020-02-19,Cotton fails to get suitable market rate - The Times of India
2020-02-24,"Expansion in NT, Riverina brightens cotton outlook - Grain Central"
2020-03-03,CCI to sell cotton stock at discount to bulk buyers; industry hails move - The Times of India
2020-03-11,Long Wait Over as Kenya Finally Commercializes Bt Cotton - ISAAA.org
2020-03-25,Insecticide-making cotton actually boosted pesticide use in India - futurity.org
2020-03-27,Cotton - not just for clothes - The Hutchinson News
2020-04-01,Examining the Correlation Between Stock Markets and Cotton Futures - Cotton Grower
2020-04-10,Pakistan is abandoning cotton for water guzzling sugarcane - Dawn
2020-04-14,"Cotton is tanking, peanuts are soaring: How coronavirus is impacting Pensacola-area farmers - Pensacola News Journal"
2020-04-17,First time Brisbane Valley cotton well on target - Queensland Country Life
2020-04-30,Viewpoint: Activist-inspired GMO cotton bans push Mexican farmers toward bankruptcy - Genetic Literacy Project
2020-04-30,Improved water productivity in the cotton industry - NSW Department of Primary Industries
2020-05-06,Cotton procurement collapses on confrontation with the COVID-19 crisis - Indie Journal
2020-05-13,Market analyst predicts three major watch factors for cotton - The Land
2020-05-13,Cotton a reel hope in north - The Weekly Times
2020-05-14,Cotton picking season - narrabricourier.com.au
2020-05-24,Increase in cotton crop area to come with strict vigil - The Hindu
2020-05-26,Punjab targets 12.5 lakh acres under cotton by 1st week of June - global-agriculture.com
2020-05-28,Tracking locust attack: Cotton crop spread over 700 hectares destroyed in Bikaner - Down To Earth
2020-05-31,"Cotton farmers stare at over Rs 4,700-cr loss this season, lockdown and locusts to blame - ThePrint"
2020-06-02,"This year's cotton already sold, but industry predicts next crop could triple after 40-year low - ABC News"
2020-06-10,"Hot, dry weather means rapid progress for cotton crop - Farm Progress"
2020-06-11,Texas cotton farmers adjusting in wake of dicamba ruling - AgriLife Today
2020-06-15,"Cotton crop the smallest in 40 years, but innovation grows from tough times - ABC News"
2020-06-17,"As Mali fights coronavirus, cotton farmers fear loss of climate aid - Daily Dispatch"
2020-07-01,'The clock's ticking': Hopes for decent cotton season fading in Macquarie Valley - ABC News
2020-07-01,Gujarat: Cotton prices stay low despite CCI’s purchase of 11 lakh bales - The Indian Express
2020-07-06,Attack of pink bollworm (Gulabi Sundi) observes on cotton crop in Punjab: PAD - RADIO PAKISTAN
2020-07-15,Cotton cultivation down 1.3pc - Dawn
2020-07-26,Baled out: Australian cotton growers shortchanged by Chinese firm's collapse - SMH.com.au
2020-08-04,"Early signs of PBW infestation in Maharashtra’s cotton fields worry farmers, Agriculture Department - The Indian Express"
2020-08-07,Hurricane Hanna destroys harvest-ready cotton in LRGV - Farm Progress
2020-08-08,An Update on Cotton Price - Fibre2Fashion
2020-08-12,Teejay to benefit from supply chain shake-up and lower cotton prices - Knitting Industry
2020-08-23,Cotton prices rise 5% in the past week as demand rises - The Economic Times
2020-08-25,"Cotton, bajra under threat as 2K acres inundated in Palwal - Tribune India"
2020-09-07,"Cotton crop hit by whitefly, girdawari must: Minister - Tribune India"
2020-09-09,"Haryana farmers demand special girdawari for cotton crop damaged by whitefly, leaf curl | Hindustan Times - Hindustan Times"
2020-09-09,"Waterlogging damages cotton crop on 17,000-hectare land in Abohar | Hindustan Times - Hindustan Times"
2020-09-11,Cotton Growing Areas Adversely Affected in Haryana due to Waterlogging & White Fly Attack - Krishi Jagran
2020-10-03,Cotton output falls short of target by over 2m bales - Dawn
2020-10-20,International cotton trade and causes of price volatility in the United States : Beyond the Numbers - Bureau of Labor Statistics (.gov)
2020-10-21,Indian Farmer Confirms Socio-economic Impact of Bt Cotton - ISAAA.org
2020-10-26,Cleveland: Cotton Bulls Keep Driving the Market Up - Cotton Grower
2020-10-28,CCI to purchase cotton from Oct 29 in Warangal - Telangana Today
2020-10-31,Pink bollworm attack destroys hopes of cotton farmers in Adilabad - Deccan Chronicle
2020-11-04,Kenyan Farmers Start Cultivating Biotech Cotton - ISAAA.org
2020-11-05,CCI to purchase entire cotton crop from Telangana at MSP - ALCHEMPro
2020-11-06,The Dollar and Cotton Prices - Farm Progress
2020-11-09,"Indian cotton crop estimated lower at 356 lakh bales this season but exports, offtake seen higher - Moneycontrol.com"
2020-11-10,"Cotton prices rebound, but supplies high - AgriLife Today"
2020-11-16,This Could Be the Largest Cotton Crop in a Decade - AgWeb
2020-11-16,Promising North Carolina Cotton Yields - AgWeb
2020-11-16,Texas Cotton Crop Suffering - AgWeb
2020-11-26,Adilabad cotton farmers suffer loss as pink bollworm attacks crop - Deccan Chronicle
2020-12-04,"Cotton prices drop as arrivals flood markets, mills go slow on buying - Moneycontrol.com"
2020-12-21,Srikakulam: Cultivation of HT cotton goes unabated in border areas - The Hans India
2020-12-23,CCI intervenes to stabilise cotton prices in Rayalaseema - The Hindu
2020-12-23,How cotton and rice crops are bouncing back  - The Weekly Times
2020-12-28,Vehari’s tale of transition: from cotton to maize and livestock - Dawn
2020-12-29,"Cotton crop yields up, acres down in 2020 - Talk Business & Politics"
2021-01-03,Global cotton prices projected to decline - Daily Monitor
2021-01-04,Cotton Prices Rise as Lack of Rain Shrinks Crop - WSJ
2021-01-20,USDA APHIS Deregulates GE Insect Resistant Cotton - ISAAA.org
2021-01-31,World - Cotton Demand by Import Volume vs. Cotton Price | Cotton | Collection - MacroMicro
2021-01-31,Requiem for cotton crop - Dawn
2021-01-31,World - Cotton Net Demand | Cotton | Collection - MacroMicro
2021-01-31,World - Cotton Stocks-to-Use Ratio (Monthly Change) | Cotton | Collection - MacroMicro
2021-02-01,World - Cotton Stocks-to-Use Ratio | Cotton | Collection - MacroMicro
2021-02-03,"CEMAC: Rubber, cotton, and palm oil boosted the price index of the zone’s agricultural export products in Q4-2020 (BEAC) - Business in Cameroon"
2021-02-04,Cotton production drops 34% in FY21 - The Express Tribune
2021-02-06,"Andhra Pradesh: Cotton Farmers In Guntur Avail Benefits Of Open Market, Prefer Private Traders To Traditional Buyers - Swarajyamag"
2021-02-09,7 tips for cotton production profitability - Farm Progress
2021-02-15,NYBOT Cotton Futures Price | Cotton | Collection - MacroMicro
2021-02-18,Guntur: Traders placate farmers with huge cotton purchase - The Hans India
2021-02-24,Textiles fumble as cotton prices fly high - The Business Standard
2021-03-04,Govt likely to allow cotton import via land route - The Express Tribune
2021-03-12,Angel to lead Southern Cotton Ginners in 2021-22 - Farm Progress
2021-03-21,Cotton growers pick site for NT's first gin - ABC News
2021-03-24,"Pakistan Committed to Enhance Cotton Crop Output, Minister - ISAAA.org"
2021-04-04,"AI to aid cotton ryots in 2,800 villages - The Hindu"
2021-04-05,"Telangana, Wadhwani AI sign MoU to use Artificial Intelligence for benefit of Cotton Farmers - AffairsCloud.com"
2021-04-14,Experts Encourage Farmers in Pakistan to Plant Bt Cotton - ISAAA.org
2021-04-20,Cotton Prices Climb As Hopes Dry Up for a Bountiful Crop in West Texas - AgWeb
2021-04-20,"Prices good, drought bad for Texas cotton - AgriLife Today"
2021-05-05,Pickers roll through 2.7-million-bale cotton crop - Grain Central
2021-05-12,German Agency GIZ moves to help Cameroon bridge the skill gap in its cotton and textile industry - Business in Cameroon
2021-05-14,Zimbabwe’s cotton farmers sweating for no gain - Anadolu Ajansı
2021-05-26,"Cotton boom: Farmers picking $1.5b crop, with next season to be even better - ABC News"
2021-05-31,The grave situation of the cotton crop - Dawn
2021-06-03,Why Pakistan is missing its cotton bale targets? - Daily Times
2021-06-05,"As big cotton eyes the north, fears mount over the 'water-thirsty crop' - ABC News"
2021-06-17,"Deficit rainfall in April, May hits cotton cultivation in Mysuru - The Times of India"
2021-06-17,Cotton Prices to Rise Due to the Textile Industry’s Demand Booming Over the Supply - IndexBox
2021-06-22,Secrets of Bt Cotton in Gujarat: Why Famers Are Crazy For This Illegal Variety - Krishi Jagran
2021-06-24,Cotton industry unprepared for climate change threat - The Express Tribune
2021-06-28,ECC meets today to consider steps for reviving cotton crop - Dawn
2021-06-29,Cotton crop revival linked to financial viability - Dawn
2021-07-05,PCGA urges government to provide relief to cotton ginners - Daily Times
2021-07-13,Plant bugs pose major threat to already shrunken cotton crop in Arkansas - Talk Business & Politics
2021-07-13,Jonsson's dryland cotton gamble pays off - North Queensland Register
2021-07-16,Theodore cotton grower picks a winner - Queensland Country Life
2021-07-20,A meeting on cotton-growing set to be held - Turkmenistan Altyn Asyr
2021-07-31,"By Opting For Drip Irrigation, Cotton Farmers Can Save Water And Reap Profits - Indian PSU"
2021-08-04,Cotton farmers can save water and reap profits through drip irrigation - The News Mill
2021-08-05,Intervention price for cotton fixed at Rs5000/40kg - The News International
2021-08-09,Tennessee crops: cotton 65% and soybeans 79% rated good to excellent - Brownfield Ag News
2021-08-13,CAI lowers cotton crop estimates to 354.5 lakh bales for this fiscal - The Economic Times
2021-08-26,Cotton prices shoot up to historic high - Profit by Pakistan Today
2021-09-01,"NT cotton gin build starts, WA gets MOU - Grain Central"
2021-09-11,Gujarat: Cotton production likely to rise by 12% in new season - The Times of India
2021-09-13,Cotton prices slide this year - Myanmar Digital News
2021-09-19,Cotton prices in Egypt rise: Mixed blessings - Egypt - Al-Ahram Weekly - Ahram Online
2021-09-24,Extra long staple cotton prices surge on fears of supply shortage - BusinessLine
2021-09-26,Pest attack on cotton plants a worry to farmers - Deccan Chronicle
2021-09-27,Clothing Is About to Get More Expensive With Cotton Prices at 9-Year Highs - Bloomberg.com
2021-09-27,Pakistan records hike in cotton prices - Daily Times
2021-09-29,Egyptian Photographer Captures Stunning Shots of Cotton Crop Harvest - Egyptian Streets
2021-09-29,"Cotton, rice plantings up - The Weekly Times"
2021-10-05,High cotton prices cause apparel costs to surge globally - Fibre2Fashion
2021-10-05,Cotton Prices Surge to Highest Level in a Decade - WSJ
2021-10-05,T-shirts and jeans may get more expensive as cotton prices hit 10-year high - CNN
2021-10-06,Cotton Prices Reach 10-Year High...Concerns Over Rising Clothing Costs - 아시아경제
2021-10-06,Your clothes may be about to become more expensive as cotton prices hit a decade high - Business Insider
2021-10-08,"Cotton prices at all-time high in Punjab, kharif crop fetching ₹7,500 per quintal | Hindustan Times - Hindustan Times"
2021-10-08,Australian cotton growers stitch up best prices since 2011 - ABC News
2021-10-10,Cotton prices just hit a 10-year high. Here's what that means for retailers and consumers - CNBC
2021-10-11,Rising Cotton Prices Intensify Headwinds for Apparel Brands - PYMNTS.com
2021-10-12,Consumers could see impact on clothing prices as cotton prices rise - KRTV
2021-10-12,What The Spike In Cotton Prices To A 10-Year High Means - Forbes
2021-10-12,"Behind all-time high cotton prices, a sharp dip in expected yield - The Indian Express"
2021-10-15,"As Cotton Prices Spike, 2 ETFs To Try On For Size - Investing.com"
2021-10-29,"Indian cotton prices hit all-time high, here's why - CNBC TV18"
2021-11-01,Textile industry seeks PM's intervention to stabilise cotton prices - The Economic Times
2021-11-04,Alabama Cotton Crop Truly a Mixed Bag - Cotton Grower
2021-11-10,"CCI to get Rs 17,409 cr for cotton procurement in 7 seasons to 2020-21 - Business Standard"
2021-11-10,Cotton Prices Jump After U.S. Cut Exports Twofold - IndexBox
2021-11-15,Adilabad: Low cotton prices devastate farmers - The Hans India
2021-11-17,Global Denim Industry Feels the Weight of Surging Cotton Prices - Sourcing Journal
2021-11-21,"Swaffers' to plant first dryland cotton crop in seven years at Buggarra, north of Clermont - Queensland Country Life"
2021-11-22,No Surprises With 2021 Oklahoma Cotton Harvest - Cotton Grower
2021-12-02,Photos: Wet weather and market conditions challenge Florida and Alabama cotton farmers - Pensacola News Journal
2021-12-05,Heavy rains cause huge losses to cotton farmers in Tamil Nadu - The Hans India
2021-12-07,Procurement centres set up in Andhra Pradesh to aid cotton growers - The Times of India
2021-12-09,Cotton: Interesting Times - Textile World
2021-12-11,North India market witness a 5-10% price dip in cotton yarn - Textile Today
2021-12-13,Off-season Management Stressed To Save Cotton Crop From Gulabi Sundi - UrduPoint
2021-12-14,Jetskis get the cotton crop in at Goondiwindi - Queensland Country Life
2021-12-19,Exorbitant Price Rise of Cotton Yarn: Textile Industry is coming to a standstill - Peoples Democracy
2021-12-29,Cotton prices touch record high - Deccan Chronicle
2022-01-03,Andhra farmers rejoice as cotton prices soar to record high - The New Indian Express
2022-01-04,Warangal: Cotton surges to record price - The Hans India
2022-01-07,"Corn, Soybean, Wheat and Cotton Prices to Remain Strong in 2022 - DTN Progressive Farmer"
2022-01-11,"Local cotton prices breach Rs20,000 per 40-kg mark: report - Pakistan Today"
2022-01-13,Processing of cotton payments begins - heraldonline.co.zw
2022-01-17,Will higher cotton prices hit the apparel market in 2022? - Knitting Industry
2022-01-17,Srikakulam: Cotton's low MSP worries farmers - The Hans India
2022-01-20,Cotton prices hit the roof in Gujarat - The Hindu
2022-01-31,A place for 21-million-bale U.S. cotton crop - Farm Progress
2022-02-01,Second-biggest Australian cotton crop expected - Grain Central
2022-02-02,Fantastic results and big profits for Sydney-led cotton research - The University of Sydney
2022-02-03,"Andhra Pradesh: Cotton rates hit all-time high in Kurnool, priced at Rs 10,759 per quintal - The Hans India"
2022-02-07,Global Cotton Market: Prices to Pick Up 5% in 2022 on Rising Demand and Limited Crops in India and U.S. – IndexBox - GlobeNewswire
2022-02-15,"Andhra Pradesh: Farmers make big gains as chilli, cotton prices soar - The Times of India"
2022-02-16,Farmers Making Good Profit as Chilli and Cotton Prices Surge - Krishi Jagran
2022-02-16,Can Cotton Prices Reach $2 Per Pound Again? - Sourcing Journal
2022-02-23,Cotton futures rise by Rs 270 after nearly 5% fall in a week - The Economic Times
2022-02-28,Growing America’s essential cotton crop - CHS Inc.
2022-02-28,CAI lowers cotton crop estimation for 2021-22 by 5 lakh bales - KNN India
2022-03-02,Salt-tolerance Trait from Arabidopsis Relative Found Effective for Cotton - ISAAA.org
2022-03-07,Ukraine-Russia War Triggers Commodity Price Spike. What About Cotton? - Sourcing Journal
2022-03-15,Govt Approves New Support Price for Cotton During FY23 - ProPakistani
2022-03-16,"Cotton, groundnut fetch a record price of Rs 10k, Rs 7k per quintal in Adoni market yard - The New Indian Express"
2022-03-20,Queensland cotton farm tipped to fetch $400m - AFR
2022-03-24,"Andhra Pradesh: Cotton price goes past Rs 11,000 a quintal - The New Indian Express"
2022-03-24,Serious threat of Pink Ball Worm in Cotton crop of Haryana - global-agriculture.com
2022-03-25,Study Reveals Devastating Impact of Climate Change on Pakistan’s Cotton Crops - ProPakistani
2022-03-27,Cheetah Holdings to progressively increase prices to absorb higher cotton prices - NST Online
2022-04-04,"Red chilli, cotton prices at record high in Telangana's Warangal - The New Indian Express"
2022-04-04,"Cotton prices hit all-time high at ₹8,200/ quintal | Hindustan Times - Hindustan Times"
2022-04-05,Cotton textile prices set to surge as cost of cotton soars - The Hindu
2022-04-08,Farmers all smiles as cotton prices go up - The Hans India
2022-04-09,CAI lowers cotton crop estimate to 335.13 lakh bales for 2021-22 season - The Hindu
2022-04-19,Cotton prices dip in Karnataka after Centre lifts import duty - Deccan Herald
2022-04-20,Tamil Nadu weavers hold 12-day strike against rising cotton prices - The News Minute
2022-04-27,World Bank warns 40% rise in cotton prices as Ukraine war bites - Just Style
2022-04-29,40% rise in cotton prices in 2022 due to Ukraine war: World Bank - Fibre2Fashion
2022-04-29,Why cotton prices are soaring - Yahoo Finance
2022-05-17,Cotton prices top record ₹1 lakh/candy toeing global trend - BusinessLine
2022-05-19,Cotton prices surge as drought impacts other cotton growing states - Talk Business & Politics
2022-05-22,Telangana to encourage cotton crop this kharif - Deccan Chronicle
2022-05-24,"Despite the drought, Brazil is moving toward a ""good"" cotton crop with higher exports - DatamarNews"
2022-05-25,Small-sized spinning mills to stop buying cotton - The Economic Times
2022-05-27,Unprecedented Hike in Cotton Prices Renders Textiles Business Unviable for Now - Moneylife
2022-05-30,Textile industry feeling the pinch of increasing cotton prices - The Statesman
2022-05-31,Farmers demand cotton research centre to improve hybrid varieties - The Hans India
2022-06-02,MCX India cuts open position limits on cotton contracts; prices down - FashionNetwork India - The World's Fashion Business News
2022-06-03,Cotton price rally could lift Indian planting to record high - Reuters
2022-06-04,New threads: Central Queenslanders swap cattle for cotton - ABC News
2022-06-06,"Raw cotton export not feasible right now; PLI 2.0 on the anvil, says textiles secretary - Moneycontrol.com"
2022-06-08,Improving Cotton Genetics - NC State University
2022-06-09,Buyer forks out $25m to build 'one of Australia's most profitable cotton enterprises' - ABC News
2022-06-11,Organic cotton prices in India show upward trend since June 2021 - Fibre2Fashion
2022-06-18,"Cotton crop inundated in Roddam, Chitravathi overflowing - The Hindu"
2022-06-23,"Cotton shortage pushes most ginning, pressing mills to halt operations - The Financial Express"
2022-06-28,Why it took until 2022 for cotton to grow in this dairy heartland - ABC News
2022-07-04,Whitefly scare: Farm experts against cultivating moong to save cotton crop in Malwa | Hindustan Times - Hindustan Times
2022-07-12,Cotton award finalists from three states - Queensland Country Life
2022-07-13,"After 7 years, white fly returns to threaten cotton crop in Punjab - The Indian Express"
2022-07-19,"In battle against pests, Punjab cotton farmers pin hopes on mating disruption technology - The Indian Express"
2022-07-20,Commodity Collapse? What to Know About Cotton Prices Right Now - Sourcing Journal
2022-07-20,Excessive rains may damage cotton crop in western Indian states - Fibre2Fashion
2022-07-22,The Drought is Worse than 2011 for an Area Known as the Largest Cotton Patch in the U.S. - AgWeb
2022-07-26,Torrential rains damage cotton crop - Dawn
2022-07-26,Cotton prices increased after rains damaged many zones - Daily Times
2022-07-27,Cotton crop extensively damaged in TS - Deccan Chronicle
2022-08-16,Drought Devastates U.S. Cotton Harvest - WSJ
2022-08-20,"The World’s Cotton Supply Keeps Shrinking, Hit by Drought, Heat - Bloomberg.com"
2022-08-21,Punjab expects cotton production of 8 lakh bales this season - The New Indian Express
2022-08-25,"Texas, U.S. expects smaller cotton crop - texasfarmbureau.org"
2022-08-26,Drought wreaks havoc on cotton crop - Farm Progress
2022-08-27,High cotton prices to spoil apparel stocks' outlook in near-term: Analysts - Business Standard
2022-08-29,Should you hold textile stocks amid rising cotton prices - Business Standard
2022-08-29,Compounded losses of cash crop cotton - Dawn
2022-08-30,Drought to wipe out most of Texas’ cotton crop - KUT
2022-08-30,Heavy rain damages cotton crop around 45% in Pakistan - Textile Today
2022-08-31,Texas’ drought is costing the state’s cotton farmers billions of dollars - The Texas Tribune
2022-08-31,Hot summer produced a strong cotton crop - Mississippi State University Extension Service
2022-09-08,Boll Rot takes 20 percent of Georgia's cotton crop - 13WMAZ
2022-09-08,"Farmers struggle as Texas cotton fields decimated by extreme heat, drought - FOX Weather"
2022-09-09,Can't badmouth 2022 South Carolina cotton crop - Farm Progress
2022-09-11,Hot Summer Produced a Strong Cotton Crop in Mississippi - Cotton Grower
2022-09-14,Heavy rains cast doubt on timely arrival of cotton in India - Fibre2Fashion
2022-09-16,Record-breaking Texas drought results in over $2 billion in losses to cotton crop - Dallas News
2022-09-20,Drought decimates Texas' key cotton crop - Phys.org
2022-09-20,Cotton production falls 19% - The Express Tribune
2022-09-27,Cotton yields will vary from average to dismal - Southwest Ledger
2022-10-01,'We have zero dryland cotton in Lubbock County': Production worse than expected - Lubbock Avalanche-Journal
2022-10-04,Pakistan's textile factories shut down due to shortage of cotton - Awaz The Voice
2022-10-04,Pakistan's textile factories shut down due to shortage of cotton - ANI News
2022-10-05,"Beset by Drought, a West Texas Farmer Loses His Cotton Crop and Fears a Hotter and Drier Future State Water Planners Aren’t Considering - Inside Climate News"
2022-10-06,Textile mills wait for cotton prices to stabilise to revive production - The Hindu
2022-10-10,Cotton Prices Are Climbing Over Production Concerns - Bloomberg.com
2022-10-11,"Domestic cotton prices fall below 70,000 per candy - The Financial Express"
2022-10-13,Pakistan’s Cotton Production to Decline by Over 40% this Year - ProPakistani
2022-10-17,Pakistan floods leave cotton industry in tatters - Context News
2022-10-19,Falling Cotton Prices May Lower Prices For Fashion - Forbes
2022-10-30,Adilabad farmers unhappy as cotton prices are falling - Deccan Chronicle
2022-10-30,Cotton price fall is not giving breather to BD spinners - Textile Today
2022-10-31,Flooded cotton grower takes drastic measures to get seed in the ground - ABC News
2022-11-01,Pakistan floods hit 40% of annual cotton crop - Just Style
2022-11-04,$3.5 million cotton crop doomed by floods - Daily Telegraph Sydney
2022-11-06,India’s cotton yarn exports fall 59% in first half of 2022-23 - The Times of India
2022-11-06,Cotton off season management vital to eradicate Pink Bollworm - Daily Times
2022-11-15,India’s total cotton production in FY22-23 estimated at 344 lakh bales - SME Futures
2022-11-16,Cotton - NSW Department of Primary Industries
2022-11-20,Cotton ryots in NTR dist battle crop losses - The Times of India
2022-11-22,Cotton prices and waning exports put pressure on denim hub Ahmedabad - FashionNetwork India - The World's Fashion Business News
2022-12-01,"Power looms shut down in TN, India for 2 weeks as cotton prices rise - Fibre2Fashion"
2022-12-08,"Low Exports, High Cotton Costs Hurt Cotton Spinners; Margins To Suffer: CareEdge - NDTV Profit"
2022-12-21,CAI lowers cotton crop estimate to 339.75 lakh bales for 2022-23 - Trade Brains
2022-12-31,India allows duty-free cotton import from Australia - Textile Today
2023-01-01,"Gujarat farmers cry foul as cotton prices drop, traders say market is dull - Tripuratimes"
2023-01-01,"West Texas saw record-low cotton harvest this year, but global production prevailed - Lubbock Avalanche-Journal"
2023-01-02,Punjab’s average cotton productivity almost 45% less than last year - The Indian Express
2023-01-05,"AIKKMS Urges Govt. to Set Up Cotton Procurement Centres; Buy at MSP of Rs 12,000 Per Quintal - Krishi Jagran"
2023-01-08,Farmers keep fingers crossed as cotton prices continue to fluctuate - The Hindu
2023-01-18,Cotton prices soar in 2022; projected to drop in 2023 - Talk Business & Politics
2023-01-22,"Textile entrepreneurs hope for better stability with reduction in freight charges, cotton prices - Zee Business"
2023-01-31,Cotton farmers face huge losses - The Hans India
2023-01-31,TNAU’s Cotton Research Station demonstrates mechanical harvester - The Hindu
2023-02-01,Stable cotton prices spur textile industry recovery in Gujarat - The Times of India
2023-02-08,The Children’s Place took a $65M hit from cotton prices in 2022 - Supply Chain Dive
2023-02-08,Physiological basis of yield in cotton: New “focus on cotton” webcast - EurekAlert!
2023-02-08,A severe begomovirus-satellite DNA disease complex in Texas lower Rio Grande valley okra fields and its potential threat to cotton production: New “focus on cotton” webcast - EurekAlert!
2023-02-13,MCX re-launches cotton futures with aligned market requirements - CNBC TV18
2023-02-26,Cotton Corporation of India to stop procurement at MSP in April? - The Times of India
2023-02-26,Poor cotton prices give farmers headaches - NewsDay Zimbabwe
2023-02-27,"High costs, low price in cotton may raise S.C. peanut acres - Clemson News"
2023-03-03,Softening cotton prices turning tides in favor of textile players: Analysts - Business Standard
2023-03-05,"Maharashtra: BJP ministers face farmers' wrath over plunging onion, cotton prices - The New Indian Express"
2023-03-13,Avoid Sowing Moong in Cotton Belt to Prevent White Fly Attack: Advices Agriculture Department - Krishi Jagran
2023-03-13,Cotton updates from SW specialists - Farm Progress
2023-03-16,"On apraying Bacillus thuringienas on an infected cotton crop field the pesta are killed by the toxin, however the toxin although produced by the bactera does not affect it. Explain giving reason. - Maps of India"
2023-03-22,Jalna’s first Muslim doctor still tends to homegrown cotton crop - Awaz The Voice
2023-03-23,When Does Your Cotton Crop Need Water? - Cotton Grower
2023-03-24,Pakistan’s cotton yield 50% lower than region - The Express Tribune
2023-04-08,Uncompetitive and short in supply. The tragic and avoidable undoing of Pakistan’s cotton crop - Profit by Pakistan Today
2023-04-13,"Cotton prices could rise to Rs 75,000 per candy by mid-2023, says Cotton Association of India - CNBC TV18"
2023-04-14,"Textile and Apparel exports decline 13.9% in FY23, High inventory and cotton prices make impact felt - The Hindu"
2023-04-14,Ginners and farmers surprised by another large cotton crop - Farm Progress
2023-04-15,"How Timberland, Vans, VF Corp. are making sure their cotton isn't 'greenwashed' - CNBC"
2023-04-18,Ryots store cotton in houses as prices fluctuate at Enumamula agri market - The New Indian Express
2023-04-20,CAI lowers cotton crop estimate to 303 lakh bales for this season | Hindustan Times - Hindustan Times
2023-05-06,Imports of 2.50 lakh cotton bales from Oz soon in Gujarat - The Times of India
2023-05-07,2.50 Lakh Cotton Bales from Australia to Boost Gujarat's Textile Industry - Krishi Jagran
2023-05-08,China’s Cotton Crop Seen Shrinking on Freeze and Smaller Area - Bloomberg.com
2023-05-12,Producer credits cover crops for saving dryland cotton crop - Farm Progress
2023-05-15,Agriculture: Need for cotton revival for survival - Dawn
2023-05-17,"China orders 5,000 tonnes of cotton yarn - The Times of India"
2023-05-21,"Unrest grows among cotton farmers as prices drop to Rs 7,000 per quintal - The Indian Express"
2023-05-22,Naqvi calls for achieving cotton production target - Pakistan Observer
2023-05-22,It's the biggest cotton crop in decades for some in Australia's 'salad bowl' - Queensland Country Life
2023-05-23,Cotton prices take a knock as farmers offload stocks - The Economic Times
2023-05-24,COTTON SPIN: A reckoning for 2022 cotton crop... almost - Farm Progress
2023-05-24,"Australian cotton growers on cusp of largest crop on record, worth $3.9 billion - ABC News"
2023-06-03,"Punjab's Cotton Sowing Falls Short of Target, Reaches Only 58% of the Planned 3 Lakh Hectares - newsclick.in"
2023-06-07,Coverage under cotton crop in Punjab at an all-time low - The Indian Express
2023-06-09,Cotton prices expected to stabilise due to 9% hike in MSP - The Economic Times
2023-06-13,Why Punjab’s area under cotton cultivation has been decreasing - The Indian Express
2023-06-17,Challenging season for Dalby cotton growers - Queensland Country Life
2023-06-19,Abohar: Pink bollworm hits ‘narma’ cotton crop - Tribune India
2023-06-20,Mississippi Cotton Planting Complete for 2023 - Cotton Grower
2023-06-26,Cotton crop in South Georgia banged up by hailstorms and high winds - AJC.com
2023-06-26,Cotton crop in over 4K hectares in Punjab faces bollworm threat | Hindustan Times - Hindustan Times
2023-06-27,Texas cotton crop outlook uncertain - AgriLife Today
2023-06-28,"Haryana cotton yield hits 20-yr low as ‘pest-resistant’ Bt variety falls prey to pests, untimely rain - ThePrint"
2023-07-05,"Plant Bugs Dominate Cotton Fields, Weather Forces Management Tweaks - Morning Ag Clips"
2023-07-10,Cotton Australia: Yield drops as greenhouse emissions rise - ragtrader.com.au
2023-07-12,"The cotton is late, and the plant bugs are unprecedented - Farm Progress"
2023-07-13,Operating margins for the cotton spinning industry to improve 11.5-12.0% in FY 2024 - The Economic Times
2023-07-13,"Record cotton yields spark record ginning season in Carnegie, Okla., possibly biggest cotton crop statewide since 1933 - Farm Progress"
2023-07-14,‘Exceptional’ cotton quality as picking nears competition - narrabricourier.com.au
2023-07-14,Cotton yarn industry likely to grow 5-7% in FY24: Report - KNN India
2023-07-16,Cotton market in crisis as intl prices drop - The Express Tribune
2023-07-20,China urges more irrigation for heat-stressed cotton crop - Business Recorder
2023-07-25,Revival Of The Cotton Industry: A Bright Outlook For FY24 - inventiva.co.in
2023-07-26,Cotton Crop Faces New Threat from Heavy Rain - ProPakistani
2023-08-01,Soil moisture sets the stage for the next cotton - Farm Progress
2023-08-01,Cotton Extends Gains as Extreme Heat Threatens US Supply - Bloomberg.com
2023-08-03,"Cotton prices put ginning, spinning units in a tangle - The Times of India"
2023-08-04,"Cotton picking off to strong start, output jumps 30 percent - The News International"
2023-08-11,| South Indian mills cut discounts amid rise in cotton prices - Fibre2Fashion
2023-08-12,India’s cotton yarn export drops 32% in first half of 23 - Textile Today
2023-08-16,CAI Affirms 311.18 Lakh Bales Cotton Crop Estimate for 2022-23 Season - Krishi Jagran
2023-08-18,‘Cotton crop undergoing healthy fruit stage’ - The Express Tribune
2023-08-20,A cotton comeback? Don’t bet on it - Profit by Pakistan Today
2023-08-24,Cotton price rises by Rs700 per 40 kg - The Express Tribune
2023-08-30,"Seed Cotton Prices Cross Rs. 9,400 In Punjab – How Long Will Rates Stay Up? - ProPakistani"
2023-08-30,Secy Agri emphasizes nutritional management of cotton for handsome production - | Associated Press Of Pakistan
2023-09-02,"Secretary Agriculture chairs meeting; reviews cotton crop, floods - | Associated Press Of Pakistan"
2023-09-07,Highly variable cotton crop reaching harvest - Mississippi State University Extension Service
2023-09-09,Cotton crop arrival soars by nearly 50% - The Express Tribune
2023-09-12,"Pre-sowing forecast 2023-24: Cotton prices expected to range from Rs 7,550 to 8,000 per quintal in Telangana - Telangana Today"
2023-09-13,Predicting the Movement of Cotton Prices in India – Present and Future Trends - Fibre2Fashion
2023-09-16,"Almost 70% of cotton cultivation in Thessaly damaged by storm, says expert - eKathimerini.com"
2023-09-17,PAD active to save cotton crop; latest chemicals sprayed - Business Recorder
2023-09-18,Cotton prices to tick up as textile demand strengthens - Capital Economics
2023-09-18,"Texas cotton crop suffers through another hot, dry year - texasfarmbureau.org"
2023-09-19,Global Weather Problems For Cotton Production Continue - Seeking Alpha
2023-09-30,Large U.S. cotton crop potential dampening price outlook - Farm Progress
2023-09-30,"Domestic demand, softer cotton prices to sustain RMG growth - Passionate In Marketing"
2023-10-04,"Twin pest-fungus attack destroys Haryana cotton crop, farmers brace for 2nd season of poor harvest - ThePrint"
2023-10-04,Record cotton prices eluding many Virginia growers - Farm Progress
2023-10-06,Artificial tightness holding up cotton prices for now - Farm Progress
2023-10-07,"Current cotton crop conditions, production trends, and traceability - Business Recorder"
2023-10-07,Punjab to witness bumper cotton crop this year: Dr Gohar Ejaz - RADIO PAKISTAN
2023-10-07,Haryana starts portal for cotton crop loss - India Education Diary
2023-10-11,Covered in Cotton: How a Farm Family Turned a Crisis Into Comfort - Successful Farming
2023-10-11,Cotton crop expected to grow by more than twice - Profit by Pakistan Today
2023-10-12,North Alabama's cotton crop better than rest of state's - Decatur Daily
2023-10-19,Cotton Curse: Bt Cotton losses by pink bollworm pushing farmers to brink of suicide - Down To Earth
2023-10-20,Cotton Curse: Damage by pink bollworm to Bt Cotton worst in two decades - Down To Earth
2023-10-27,"Cotton Curse: Tired of losses, farmers giving up cotton on a large scale - Down To Earth"
2023-10-27,Cotton Prices Rise By Rs. 1000 Per Maund in One Week - ProPakistani
2023-11-07,Indian cotton production to be 6% lower this year - The Hindu
2023-11-09,Commodity Market: Cotton prices ease to 12-month low; Indian production to be 6% lower - Moneycontrol.com
2023-11-13,East-Central Texas Farmer Blown Away By Cotton Yields This Year - AgWeb
2023-11-20,Cotton production is reportedly no longer profitable in Tajikistan - Азия-Плюс
2023-11-22,"With sustainable cotton in fashion, Indian farmers seek fair price - Context News"
2023-11-25,Cotton prices drop in several markets - The Hindu
2023-11-26,Between four ruling powers: Economic policies threaten cotton season in Syria - Enab Baladi - Enab Baladi
2023-11-26,Will Cotton Rejoin the Soft Commodity Rally in 2024? - Nasdaq
2023-11-29,"Govt working to boost cotton yields, pilot project launched: Official - Business Standard"
2023-11-30,"Rains hit tur, cotton crop in Buldhana, rabi may benefit - The Times of India"
2023-12-05,CCI procures close to 3 lakh bales of cotton since the beginning of October - CNBC TV18
2023-12-05,West Tennessee Farmer Says He Just Harvested the Best Cotton Crop of His Life - AgWeb
2023-12-06,Untimely rains damage cotton crop in Adilabad district - Deccan Chronicle
2023-12-07,Australian cotton crop expected to surpass 4.1Mb - Grain Central
2023-12-08,"In the picker, discussing Alabama’s rollercoaster cotton season - Farm Progress"
2023-12-13,"Mixed report for 2023 Oklahoma cotton crop; acres planted up, yield down - The Oklahoman"
2023-12-21,Cotton output may decline by 8% to 29.4 mn bales in 2023-24 season: CAI - Business Standard
2023-12-29,Cotton Prices Will Change in 2024. Just Don’t Ask When or Why. - Cotton Grower
2024-01-01,Potential of Deniliquin cotton crop 'best yet' - The Land
2024-01-03,Sky News Australia. . Heavy rains in the last few weeks of 2023 have boosted the forecast for cotton farmers this season. Watch the full episode at www.skynews.com.au/flash - Facebook
2024-01-03,Indian cotton sowing projects may lower by 10% in 2024 - Textile Today
2024-01-16,Only a quarter of cotton areas are under regime’s control - Enab Baladi - Enab Baladi
2024-01-24,NSW cotton regroups after fitful start to season - Grain Central
2024-01-25,"Glencore, Viterra Sue Louis Dreyfus for $200 Million Cotton Loss - Claims Journal"
2024-01-29,Cotton prices soar 27% in one month amidst supply constraints - Profit by Pakistan Today
2024-01-29,Ahmedabad Textile Industry Faces Hurdles Amid Cotton Price Volatility - KNN India
2024-01-29,India's cotton spinning sector to grow 12-14% in FY24: ICRA - Fibre2Fashion
2024-01-31,Gene Editing Reduces Branch Angle and Altered Petiole Angles in Cotton - ISAAA.org
2024-01-31,"Stuck at the bottom, India’s domestic cotton prices fluctuate widely - BusinessLine"
2024-02-01,Trade ministry on the spot over plummeting West Nile cotton prices - The Independent Uganda
2024-02-02,MPs task Trade ministry on falling cotton prices - ChimpReports
2024-02-04,State increases cotton prices by 38pc to woo more farmers - Business Daily
2024-02-07,Brazilian cotton prices dip in January; exports remain strong - Fibre2Fashion
2024-02-11,Farmers advised to ensure early cotton cultivation - Daily Times
2024-02-15,"Cotton, Peanut Rotation Provides Value to Both Crops - Cotton Grower"
2024-02-16,Cotton: Has Spring Come Early? - Nasdaq
2024-02-17,Hike in cotton prices worries textile mills - The Hindu
2024-02-18,Egyptian Cabinet sets fixed cotton prices for the 2024/2025 season - Egypt Today
2024-02-20,Global cotton prices will likely gain more on tight supply-demand balance - BusinessLine
2024-02-21,Indian textile industry welcomes removal of import duty on ELS cotton - ALCHEMPro
2024-02-27,"At Rs 58k-plus, cotton prices hurt exports - The Times of India"
2024-02-29,"Cotton prices in India at 9-month high, Feb exports pegged at 2-year peak - Moneycontrol.com"
2024-03-01,Higher Cotton Prices Won’t Be a Problem for Carter’s in 2024 - Yahoo
2024-03-02,Textile demand to determine price trajectory in cotton - The Hindu
2024-03-04,Indian Cotton Prices and Outlook for March 2024: A Mixed Bag for Cotton Producers - global-agriculture.com
2024-03-04,"Avoid panic buying, says Industry body amidst steep rise in cotton prices - CNBC TV18"
2024-03-09,High cotton prices force grey fabric manufacturers to halt production in Tamil Nadu - The New Indian Express
2024-03-20,Brazilian cotton prices weak in mid-March - Textile Today
2024-03-27,The foundation for a successful cotton crop - Farm Progress
2024-04-01,Sara Ali Khan's crisp cotton crop top with buttoned blue denims reinvents classic summer casual look - Moneycontrol.com
2024-04-10,Managing cotton crop during drought conditions - Business Recorder
2024-04-16,Sindh demands increase in cotton support price - Daily Times
2024-04-17,"Cotton prices set by intl market, not locally: CM - The Times of India"
2024-04-18,Brazilian cotton production set to soar despite productivity dip - ALCHEMPro
2024-04-20,Brazil to produce 3.6mn cotton in 2023-24 season - Textile Today
2024-04-23,Colored cotton crop wastes valorization through pyrolysis: a study of energetic characterization and analytical Py-GC/MS - Nature
2024-04-23,Cotton crop outlook bleak for Punjab - Dawn
2024-04-28,"Cotton grown in 14,000 hectares in TN's Ramanathapuram, farmers seek MSP support - The New Indian Express"
2024-05-03,Govt sets target of 6.5m cotton bales - The Express Tribune
2024-05-04,Empowering cotton farmers: Sustainable water management practices for a greener future - BusinessLine
2024-05-07,Do Cotton-Market Dynamics Suggest Higher Prices Are Around the Corner? - International Banker
2024-06-04,Fewer cotton acres to be planted on a Missouri Bootheel farm - Brownfield Ag News
2024-06-06,"In Punjab, cotton production faces slow death as area under crop dips to record low - The Indian Express"
2024-06-07,NEW: 2024 cotton marketing season kicks off - heraldonline.co.zw
2024-06-08,Fastly increasing cotton cultivation - The Hans India
2024-06-10,Texas High Plains cotton crop conditions vary - Farm Progress
2024-06-11,Cotton acreage up as corn acres slip - Mississippi State University Extension Service
2024-06-13,Chinese Researchers Improve Biotic Stress Tolerance of Cotton - ISAAA.org
2024-06-18,ICE cotton hits 3-year low as selling pressure continues - ALCHEMPro
2024-06-26,Coly cotton growers up for award - Dairy News Australia
2024-06-26,Cotton loses its ‘most profitable crop’ tag in Andhra Pradesh’s undivided Kurnool district - The Hindu
2024-06-27,Cotton Corporation Of India Urged To Prioritise MSME Textile Mills In Cotton Sales - KNN India
2024-06-27,SISPA urges CCI to sell cotton to MSME mills on priority - The New Indian Express
2024-06-28,The era of artificial intelligence begins in cotton market predictions - textilegence.com
2024-06-29,SISPA seeks govt’s intervention to stop selling cotton to traders - The Times of India
2024-07-03,Steps under way to increase cotton production in country - | Associated Press Of Pakistan
2024-07-15,Cotton prices tumble as Brazil’s exports surge - Financial Times
2024-07-15,Punjab Agriculture department forms 128 teams to ensure regular monitoring of cotton crop - Punjab News Express
2024-07-15,AI to the rescue: Cutting-edge tech to help cotton farmers fight pink bollworm - Down To Earth
2024-07-15,Punjab Forms Teams to Fight Cotton Crop Pests - Rediff MoneyWiz
2024-07-16,"Area under cotton in North India drops by 6 lakh hectares, Punjab’s dip sharpest - The Indian Express"
2024-07-16,"For 4th year in a row, pest infests cotton crop in Pb - The Times of India"
2024-07-16,Surveillance teams formed to check pest attack on cotton crop - The Times of India
2024-07-22,Cotton market sees stability amid rising business activity - Profit by Pakistan Today
2024-07-24,"Assessing the predictive capability of N, P, and B diagnosis in cotton crop - Nature"
2024-07-26,Compensation Worth Rs. 65 Crores for Cotton Crop Released: Agriculture Minister - global-agriculture.com
2024-07-28,"Sharp fall in cotton prices worries ginners, growers - Dawn"
2024-07-30,Cotton production shows alarming decline of 48% - The Express Tribune
2024-08-03,Major breakthrough: PAU develops leaf curl virus-resistant breeding lines for cotton crop - The Indian Express
2024-08-03,Cotton Crop’s new hop: PAU unveils virus-resistant breeding lines - Babushahi.com
2024-08-07,Genetic Research May Guide Production of Drought Resilient Cotton - ISAAA.org
2024-08-10,Cotton yield drop in Sindh raises alarm - The Express Tribune
2024-08-13,"Cotton Prices increase as Punjab, Haryana, and Rajasthan report significant declines in acreage - Apparel Resources"
2024-08-20,Cotton crop faring better than past two drought years - AgriLife Today
2024-08-21,Clemson University Researchers Uncover Roots of Climate-Resilient Cotton - ISAAA.org
2024-08-26,Global cotton supply surge weighs on Australian prices: Rabobank - Grain Central
2024-08-28,Monsoon rains will cause negative impact on cotton crop: official - Business Recorder
2024-09-02,PAU scientists conduct surveys of cotton fields in Abohar villages - Tribune India
2024-09-04,"| Cotton arrivals in Pakistan fall 60% due to crop damage, lower acreage - Fibre2Fashion"
2024-09-05,Anushka Sharma Brings Only Queen Energy to Mumbai Cotton Crop Shirt With Red Pants - See Pics - India.Com
2024-09-06,Cotton crop varies across the Lone Star State - texasfarmbureau.org
2024-09-09,Cotton worm threatens crop in Ras al-Ain - Enab Baladi - Enab Baladi
2024-09-12,"Hot Dry August Shrinks Cotton, Corn and Soybean Production Potential Across Oklahoma - Oklahoma Farm Report"
2024-09-16,"Cotton Jumps as Traders Cover Bearish Bets on Storm, Output Risk - Bloomberg.com"
2024-09-17,Cotton prices rise globally over the previous month - Textile Today
2024-09-17,Adilabad farmers expect bumper cotton crops despite floods - Deccan Chronicle
2024-09-17,Oklahoma’s current cotton crop may be significantly larger than the 2023 crop - Southwest Ledger
2024-09-18,Crop Watch: Valley cotton bounces back - thebusinessjournal.com
2024-09-19,"Dip in sowing area, fear of low yield due to rain pushes cotton prices up in Gujarat - The Indian Express"
2024-09-20,Mississippi sees minimal cotton damage from Francine - WJTV
2024-09-24,"Cotton Crop Condition Drops, Peanut Harvest Slowly Moving - Southeast AgNET"
2024-09-28,Egypt increases area planted with cotton by 23 percent - Egypt Today
2024-09-29,Singapore-listed Olam to pay $4.2 million fine for delayed cotton sales reports - The Straits Times
2024-10-01,Govt moves to dissolve cotton committee - The Express Tribune
2024-10-02,GCC Executive Director: We’ve Lost at Least a Third of Cotton Crop Following Helene - Southeast AgNET
2024-10-06,CCI to open 33 procurement centres to purchase cotton from farmers - The Times of India
2024-10-09,Natural disasters wreck cotton crop in Balkh this year - Pajhwok Afghan News
2024-10-14,Trade of the week: short front month cotton futures - ig.com
2024-10-14,Shurley: Little Upward Traction for Cotton Prices Despite Supply Cuts - Cotton Grower
2024-10-15,Hurricane Slashes Georgia Cotton Crop by 20% - Successful Farming
2024-10-15,Cotton Price Trend: A Comprehensive Analysis - openPR.com
2024-10-17,"Farmers anxious over fluctuating cotton prices at Enumamula market, Telangana - The New Indian Express"
2024-10-20,Cotton growers in Yadgir are facing loss as copious rainfall proves detrimental to crop - The Hindu
2024-10-21,US cotton industry forecast for 2nd-lowest crop in a decade. Here's how Texas fared - Lubbock Avalanche-Journal
2024-10-24,"Ukraine's first cotton crop harvest nears completion, projected to reach 30,000 hectares by 2025 - Рубрика"
2024-10-26,Confusion over cotton prices sparks unrest in Telangana - The New Indian Express
2024-10-28,Bumper cotton crop almost sold out - Grain Central
2024-11-01,"Cotton goes soyabean way, falls below MSP - The Times of India"
2024-11-04,Cotton: interconnection between financial and physical prices - PricePedia
2024-11-05,Weekly Cotton and Peanut Harvest Update - Southeast AgNET
2024-11-07,Cotton Prices Rise as India's 2024-25 Production Expected at 7-Year Low By Kedia Advisory - Investing.com India
2024-11-08,Cotton Prices Rise as India's 2024-25 Production Estimated at 7-Year Low By Kedia Advisory - Investing.com India
2024-11-10,Fourfold rise in cotton imports likely - The Express Tribune
2024-11-11,Global Cotton Prices Under Pressure: Impact of Synthetic Fiber Surge By Kedia Advisory - Investing.com India
2024-11-17,Export and Demand Headwinds Continue to Pressure Cotton Prices - Cotton Grower
2024-11-18,MahaYuti’s Maha concern: Soyabean & cotton farmers - The New Indian Express
2024-11-19,"Cotton crop will have an impact on gins, warehouses - texasfarmbureau.org"
2024-12-02,Cotton prices rise as South India sees surge in yarn demand | Retail News India - Apparel Resources
2024-12-02,"Caught between tiger and cotton, Asifabad farmers face do or die situation - Telangana Today"
2024-12-03,"Cotton prices drop below Rs18,000 per bale due to high yarn imports - Profit by Pakistan Today"
2024-12-06,Cotton price concerns - Economy - Al-Ahram Weekly - Ahram Online
2024-12-13,A Statistically Lousy Year for Cotton Prices - Cotton Grower
2024-12-18,India Cotton Exports to Drop 36.5% in 2024-25: CAI - Rediff MoneyWiz
2024-12-30,"Cotton prices plunge to 3-year low, ginning mills suffer - The Times of India"
2024-12-30,Cotton prices drop to 3-year low! - Apparel Resources
2024-12-31,Is Cotton Going Higher in 2025? - The Globe and Mail
2025-01-01,Global cotton production set to rise by 1.2mn bales in 2024-25 - Textile Today
2025-01-04,Cotton production plunges over 33pc - Dawn
2025-01-05,Cotton a sad harvest for Big Country farmers - Abilene Reporter-News
2025-01-06,Cotton Continues to Battle Bearish Indicators as 2025 Begins - Cotton Grower
2025-01-07,Brazil world's largest cotton exporter in 2024 as production soars - Fibre2Fashion
2025-01-08,"Cotton Procurement at MSP Hits 63 Lakh Bales Milestone by Amit Gupta, Kedia Advisory - Investment Guru"
2025-01-08,Cotton and Wool - Cotton Sector at a Glance - Economic Research Service (.gov)
2025-01-09,Cotton Market Should be Stable in 2025 – Good News for the Global Economy - Home Textiles Today
2025-01-09,Continued cotton market volatility expected in 2025 - Farm Progress
2025-01-10,"Cotton prices hit Rs20,000 per maund as domestic production drops 51% - Profit by Pakistan Today"
2025-01-11,Cotton harvest drops to 30-year low last season - The Express Tribune
2025-01-13,Weekly Cotton Review: Prices show a rising trend - Business Recorder
2025-01-14,Wrapping up the 2024 cotton crop - Farm Progress
2025-01-16,"Moree cotton crop 'setting up nicely' after wild summer storms, wet winter - The Land"
2025-01-17,"120,000 acres to be brought under advanced cotton crop cultivation - The Nation (Pakistan )"
2025-01-20,Central West cotton damage reported following cases of spray drift - The Land
2025-01-20,NSW cotton grower fuming over spray drift damage - ragtrader.com.au
2025-01-29,Cotton prices: Will 2025 mirror 2024 trends? - Farm Progress
2025-02-04,Falling cotton production sparks concerns over GSP+ status - The Express Tribune
2025-02-14,"| Mixed trend in south Indian cotton yarn market, prices ease in Mumbai - Fibre2Fashion"
2025-02-15,NCC World Cotton Outlook: Economic Pressures Remain as Weak Demand Persists - Cotton Grower
2025-02-18,Police raid in Shakkargarh busts illegal opium cultivation: Field masked as cotton crop yielded over 800 kg... - Bhaskar English
2025-02-21,2 reasons to add resistance to your cotton nematode fight - Farm Progress
2025-02-25,Local cotton market sees decline in trading activity due to price fluctuations - Profit by Pakistan Today
2025-03-03,Cotton crisis in Punjab: How regulatory hurdles might be making things worse - The Indian Express
2025-03-05,Textiles to benefit as US cotton prices dip & China loses edge - The Economic Times
2025-03-06,Int’l recognition to HAU scientists for finding cotton disease pathotype - The Times of India
2025-03-07,PM Shehbaz forms committee for cotton crop revival - Dawn
2025-03-09,Cotton imports increase despite pressure on Indian cotton prices - The Hindu
2025-03-10,"Tariff or No Tariff, Current Cotton Price Drops Not Surprising - Cotton Grower"
2025-03-12,Meeting discusses steps to maximise cotton output - The Express Tribune
2025-03-13,This Week on SUNUP: Dr. John Michael Riley Details how the Value of the U.S. Dollar Impacts Cotton Prices - Oklahoma Farm Report
2025-03-17,Reviving a dwindling cotton crop - Dawn
2025-03-24,Cotton growers urge government to prioritize water for existing crops - Profit by Pakistan Today
2025-03-24,PAU to promote indigenous varieties to revive cotton crop in Malwa belt | Hindustan Times - Hindustan Times
2025-03-24,Cotton growers seek concessions as water shortages hit crop - Dawn
2025-03-24,"Textiles set for revival in FY25 on stable cotton, stronger RMG exports - Business Standard"
2025-03-28,Detection of cotton crops diseases using customized deep learning model - Nature
2025-04-07,Cotton Farmers Describe Somber Situation: 'We've Gone Beyond Losing Money to Now Losing the Farm' - AgWeb
2025-04-11,Cotton prices hit $627 a bale - The Weekly Times
2025-04-14,Cotton Prices Remain Range Bound Despite Small Rally - Cotton Grower
2025-04-14,Ord Valley plants record cotton crop - The Kimberley Echo
2025-04-14,How high a yield do cotton growers need to cover input costs today? - Queensland Country Life
2025-04-15,4 tips for a strong early season cotton crop - Farm Progress
2025-04-16,Alabama’s Cotton Crop Outlook - Southeast AgNET
2025-04-17,Brazil cotton prices rise on tight supplies & trade uncertainty - Fibre2Fashion
2025-04-23,Cotton Futures Climb to Highest This Year on US-India Trade Talks - Bloomberg.com
2025-04-23,Deir Ezzor: Farmers await payment for cotton delivered to previous regime - Enab Baladi - Enab Baladi
2025-04-25,Cotton farmers want immediate price talks - heraldonline.co.zw
2025-04-28,Cleveland: Little Hope of Improved Cotton Prices on the Horizon - Cotton Grower
2025-05-02,Pakistan cotton price dips - The Financial Express | First Financial Daily of Bangladesh
2025-05-03,"Early cotton picking begins in Sindh, raising hopes for advanced ginning season - Profit by Pakistan Today"
2025-05-04,Cotton Cultivation in Adilabad to Rise in Kharif - Deccan Chronicle
2025-05-05,India’s cotton yarn industry set for 7–9% revenue growth this fiscal: Report - The New Indian Express
2025-05-05,May 2025 Cotton Market Recap: Expert Analysis From Dr. O.A. Cleveland - Cotton Grower
2025-05-05,"Cotton prices witness surge, courtesy international market - Dawn"
2025-05-13,May WASDE report: 2025 US cotton crop outlook and export projections - Farm Progress
2025-05-19,NT cotton gains momentum after Larrimah irrigation approvals - Grain Central
2025-05-19,Cotton sowing target to be achieved within 10 days - The News International
2025-05-21,Effective Mealybug Chemical Control In Cotton Crops - Farmonaut
2025-05-21,"U.S. cotton planting projected to reach 10-year low, with net declines across all regions - Economic Research Service (.gov)"
2025-05-22,Cotton Acres Expected to Sink to 10-Year Low in 2025 - AgWeb
2025-05-22,Record low number of cotton gins in Arkansas; state acres projected to be down - Talk Business & Politics
2025-05-28,Kenyan Farmers Seek Financial Assistance in Adopting Bt Cotton - ISAAA.org
2025-05-29,The 2025 cotton crop in Louisiana might be the smallest on record! - RFD-TV
2025-06-01,Cotton marketing: Staying competitive in a volatile market - heraldonline.co.zw
2025-06-02,Mozambique stops subsidizing cotton prices in current agricultural campaign - CLUB OF MOZAMBIQUE
2025-06-11,Cotton Farmers To Receive 70% USD For 2025 Deliveries - Pindula News
2025-06-16,"Despite Positive USDA Report, Cotton Prices Still Can’t Catch a Break - Cotton Grower"
2025-06-18,Did Cotton Prices Just Hit a Bottom After Falling to a 9-Week Low? - Barchart
2025-06-18,Top 10 Cotton Trends in 2025: Key Global Market Dynamics for Exporters - Fibre2Fashion
2025-06-18,The One Bug That Can Wipe Out Your Cotton Crop in Texas - KFYO.com
2025-06-20,How AI is Helping Vidarbha Farmers Save Their Cotton Crop From Bollworm Menace - ETV Bharat
2025-06-20,Cotton prices: Where are they headed? - High Plains Journal
2025-06-24,Cotton crop planted; producers leery of future rains - Talk Business & Politics
2025-06-25,Cotton prices weighed down by loose market fundamentals - Oxford Economics
2025-06-27,Low cotton prices threaten profits for Brazilian growers - Valor International
2025-06-27,ICE cotton climbs fifth straight day despite US export slump - ALCHEMPro
2025-06-29,Agriculture officials visit cotton fields to assess crop conditions - Profit by Pakistan Today
2025-07-02,Monitoring and predicting cotton leaf diseases using deep learning approaches and mathematical models - Nature
2025-07-11,"Dry spell hits cotton crop in Karimnagar, farmers worried - Telangana Today"
2025-07-11,| Rising cotton prices squeeze yarn margins in south India - Fibre2Fashion
2025-07-14,"Cotton Prices Remain Range Bound, Yields Look Promising, Kudos to NCC - Cotton Grower"
2025-07-16,"Cotton prices down, costs up: Mississippi farmers face harsh decisions - Meridian Star"
2025-07-16,Situationer: Cotton season 2025-26 faces difficult outlook - The News International
2025-07-17,Global cotton prices mixed in July; China & India show modest gains - Fibre2Fashion
2025-07-17,Brazil cotton prices ease in early July amid record harvest hopes - ALCHEMPro
2025-07-18,Understanding the forces that drive global cotton prices - Oxford Economics
2025-07-18,Cotton Market Experiences Downturn with Price Losses - News and Statistics - IndexBox
2025-07-20,Domestic cotton prices drop Rs200-400/maund - The News International
2025-07-21,Cotton Prices Decline as Market Faces Fluctuations - News and Statistics - IndexBox
2025-07-22,"2K acres flooded in Sirsa, cotton crop wiped out, farmers demand special girdawari - Tribune India"
2025-07-28,Shurley: Cotton Prices Continue Range Bound - Cotton Grower
2025-07-29,Cotton prices fall by Rs500 per maund - 24NewsHD
2025-07-31,A well-supplied global market caps upside potential for cotton markets - The Land
2025-08-01,Leafhopper outbreak threatens cotton crop in region - The Times of India
2025-08-03,Leafhopper outbreak threatens cotton crop in North India: SABC - The Times of India
2025-08-04,"Punjab’s stagnating output, Sindh’s shortfall drive cotton downturn - The News International"
2025-08-04,Robust Cotton Crop Anticipated In Adilabad - Deccan Chronicle
2025-08-05,Cotton Prices Rise Amid Market Volatility - News and Statistics - IndexBox
2025-08-06,Punjab agri officers told to submit bi-weekly reports on state of cotton crop - The Times of India
2025-08-06,"Clemson University Researchers Develop High-Yield, High-Quality Fiber Gene-Edited Cotton - ISAAA.org"
2025-08-07,Punjab agriculture minister Khudian seeks bi-weekly reports on cotton crop | Hindustan Times - Hindustan Times
2025-08-08,New Indian cotton crop arrivals may start this September in South - BusinessLine
2025-08-12,Waterlogging hits crop hard in Haryana’s cotton belt - Tribune India
2025-08-12,"Cotton crop estimate down on month, rice up - Brownfield Ag News"
2025-08-13,Farmers of Lebap velayat aim to harvest a bountiful cotton crop - Turkmenistan Altyn Asyr
2025-08-13,Uzbekistan textile sector under pressure amid falling cotton prices - Ecotextile News
2025-08-14,"Green gram, cotton likely to be hit by copious rainfall in Yadgir district - The Hindu"
2025-08-14,Global cotton prices steady as key benchmarks remain range-bound - Fibre2Fashion
2025-08-18,Cottonseed company expanding facility in Marianna - The Arkansas Democrat-Gazette
2025-08-18,Hopes bumper cotton crop will lure Far North Queensland growers back - ABC News
2025-08-19,"Cotton import duty exemption a death warrant to farmers, says Samyukt Kisan Morcha - The Hindu"
2025-08-20,Cotton Snoozes as the Market Churns - Cotton Grower
2025-08-21,Explainer: How tech offers hope to save cotton crop - Tribune India
2025-08-21,Cotton prices fall after India lifts import duty - The Times of India
2025-08-21,"Tamil Nadu farmers’ body seeks Rs 30,000 per acre subsidy as cotton prices set to fall after import duty waiver - The New Indian Express"
2025-08-22,Cotton prices stagnate despite U.S. production cuts - Farm Progress
2025-08-24,Cotton crop revival a national duty: secretary - The Express Tribune
2025-08-24,Cotton crop: meeting takes stock of situation - Business Recorder
2025-08-25,Cotton crop faces threat from heavy rains in southern Malwa - The Times of India
2025-08-25,"India’s cotton crop hit by boll rot on excess rain in parts of AP & Telangana, raises concern over yield - BusinessLine"
2025-08-29,How Inflation in Cotton Prices Impacts Global Apparel Markets - Fibre2Fashion
2025-08-29,"Govt extends cotton import duty exemption till Dec 31, SKM calls it anti-farmer step - The Times of India"
2025-08-29,Inside Bellevue Pastoral’s growth from 70ha to 2700ha cotton empire - The Weekly Times
2025-09-01,Cotton zones hit hard by recent floods - The Express Tribune
2025-09-02,PAU scientists issue advisory on cotton crop for rain-hit areas - The Times of India
2025-09-02,Centre’s free imports to subdue cotton prices leave Maharashtra gin owners in dire straits - The Indian Express
2025-09-03,State’s cotton crop less than in 2024 - Mississippi State University Extension Service
2025-09-03,Mississippi cotton crop struggles after wet spring - WAPT
2025-09-03,Brazil cotton prices fall in August amid strong harvest progress - Fibre2Fashion
2025-09-03,Cotton Jassid Spreads Throughout Southeast - The Advance News
2025-09-03,Brazil cotton prices fall in August amid strong harvest progress - ALCHEMPro
2025-09-03,Cotton crop thrives with timely rains across the state - AgriLife Today
2025-09-06,Haveri farmer destroys cotton crop after relentless rains ruin yield - The Hans India
2025-09-10,"OSU’s Jenny Dudak: Cotton Crop Looks Good, Needs Heat to Finish Out Season - Oklahoma Farm Report"
2025-09-10,"Track Textile Prices Smarter: How TexPro Tool, Keeps You Updated on Yarn, Cotton & Fabric Trends - Fibre2Fashion"
2025-09-11,How will supply define demand for cotton during New York market? - Home Textiles Today
2025-09-11,"30,000 acres ruined: Floods cause devastating damage to cotton crop; import duty exemption adds to woes - The Times of India"
2025-09-16,"As rain damages unginned cotton, prices dive below MSP in North Indian mandis, farmers lose Rs 500-2,200 per quintal - The Indian Express"
2025-09-17,Brazilian cotton prices fall as 2024-25 harvest nears completion - Fibre2Fashion
2025-09-18,"Cotton Crop Hit by Rains, Floods and Pests; Farmers Need Relaxation in CCI Quality Norms - RuralVoice"
2025-09-22,Mississippi Cotton Crop Less Than in 2024 - Cotton Grower
2025-09-23,"Shurley: Cotton Prices Need Some Kindlin’, But How and When? - Cotton Grower"
2025-09-26,Global Cotton Trade: Story So Far in 2025 and What to Expect in 2026 - Fibre2Fashion
2025-09-26,"Rising imports push onion, pulses, cotton prices to record low levels - Business Standard"
2025-09-26,Cotton Crop Condition and Harvest Update - Southeast AgNET
2025-09-29,Cotton Prices Continue to Hang On - Cotton Grower
2025-09-30,"Check International Cotton Prices 2025: Global Trends, Key Drivers & Forecast: TEXPRO - Fibre2Fashion"
2025-10-02,Crop dusters to pay for damaging cotton crops - Grain Central
2025-10-04,Punjab’s cotton share plummets to second-lowest level in five years - The News International
2025-10-04,Downpour destroys 30% cotton crop acreage in Nashik region - The Times of India
2025-10-06,NSW farmers awarded $673k after spray destroys cotton crop - The Weekly Times
2025-10-06,"Possible for 2026: More Cotton Acres, Better Prices? - Cotton Grower"
2025-10-07,Above-average cotton crop expected as planting advances - Grain Central
2025-10-10,Will Cotton Ever Rally? - Yahoo Finance
2025-10-10,Cotton prices slump to 4-year low; Indian govt launches major intervention plan - BigMint
2025-10-13,Cotton Futures Should See Improvement By the New Year - Cotton Grower
2025-10-13,"Pakistan’s cotton prices drop, raising fears of heavy losses for ginning units amid weak demand - Profit by Pakistan Today"
2025-10-15,"ICE cotton slips on trade frictions, falling crude oil prices - Fibre2Fashion"
2025-10-15,Australia Approves Commercial Planting of GM Cotton - ISAAA.org
2025-10-17,"Harvest'25: Louisiana Cotton Crop Shrinks, But Good Yields Offer Hope - RFD-TV"
2025-10-17,"Cotton Prices Crash Far Below MSP, Duty-Free Imports Hit Farmers Hard - RuralVoice"
2025-10-19,Farmers eye better cotton prices despite import duty exemption - BusinessLine
2025-10-19,Punjab’s cotton share shrinks to 40% - The News International
2025-10-19,Cotton crop arrivals moving towards gradual moderation - Business Recorder
2025-10-20,Centre’s import duty waiver and delays in CCI procurement crash cotton prices in Telangana - The South First
2025-10-22,"| US cotton prices hit 4-year low amid weak demand, oversupply - Fibre2Fashion"
2025-10-24,Crude oil surge and trade optimism lift ICE cotton futures - Fibre2Fashion
2025-10-27,Cotton Export Business Remains Slow as Prices Settle - Cotton Grower
2025-10-30,"Cotton's still king in Lubbock County, but a little less planted as farmers try other crops due to financial challenges - lubbocklights.com"
2025-10-31,Cotton Futures Navigate Choppy Waters Amidst Volatility and Cautious Optimism - FinancialContent
2025-11-02,Shurley: Cotton Prices and Cash Flow Strategies - Cotton Grower
2025-11-04,Sindh solidifies its lead over Punjab in cotton arrivals - The News International
2025-11-05,Accept cotton with up to 20 per cent moisture: Minister Thummala - The New Indian Express
2025-11-05,Rising dollar & weak oil prices weigh on ICE cotton futures - Fibre2Fashion
2025-11-06,Cotton procurement standoff persists: Ginning mills relent by postponing strike - Telangana Today
2025-11-06,Brazil cotton prices hit lowest real level since 2009 in October - Fibre2Fashion
2025-11-06,Forest officials destroy cotton crop in podu lands in Kothagudem - Telangana Today
2025-11-07,AP seeks Centre’s help for cyclone-hit cotton farmers - The Hans India
2025-11-07,How Much Lower Will Cotton Prices Go? - Barchart
2025-11-12,"Leggings Out, Denim In: Jeans Market Poised for a 42% Surge by 2030 Amid Cotton Price Hike - modaes.com"
2025-11-12,"ICE cotton dips on weak grains, caution before USDA report - Fibre2Fashion"
2025-11-14,"USDA lifts 2025 U.S. upland cotton forecast, lowers rice outlook - Brownfield Ag News"
2025-11-20,Video: Distressed farmer burns four acres of cotton crop in Nagarkurnool - Telangana Today
2025-11-20,Mills in Coimbatore scale down operations as waste cotton prices soar despite cheaper raw cotton - The New Indian Express
2025-11-21,USDA Provides Update on the Pace of this year’s Cotton Crop Harvest - Southeast AgNET
2025-11-22,"ICE cotton stays bearish despite minor gains, weekly losses persist - Fibre2Fashion"
2025-11-26,Wholesale Price Index of cotton yarn in India FY 2013-2024 - Statista
2025-11-26,Cotton futures rebound strongly amid short covering and falling stocks - BigMint
2025-11-27,ICE cotton rises to one-week high despite cautious market sentiments - Fibre2Fashion
2025-11-30,Cotton prices hold steady across Pakistan markets - Daily Times
2025-12-01,China's domestic cotton prices rise further as mill demand strengthens - Fibre2Fashion
2025-12-01,USDA Releases Latest Cotton Harvest Report - Southeast AgNET
2025-12-01,China's domestic cotton prices rise further as mill demand strengthens - ALCHEMPro
2025-12-03,"ICE cotton steadies on bargain hunting, stronger grain market - Fibre2Fashion"
2025-12-03,Punjab: CCI intervention gives fillip to cotton prices - Tribune India
2025-12-03,High-yield seeds key to revive cotton crop - Dawn
2025-12-04,"Cotton prices in Brazil hit 16-year low amid weak demand, ample supply - Fibre2Fashion"
2025-12-05,Cotton Prices Drop Amid Rising Supply and Mixed Demand By Kedia Advisory - Investing.com India
2025-12-06,ICE cotton hits two-week low as traders stay cautious - Fibre2Fashion
2025-12-09,Is Cotton a Buy Before the End of 2025? - Yahoo Finance
2025-12-10,CAI Urges Govt to Scrap 11 percent Cotton Import Duty to Aid Textile Sector - Siliconindia
2025-12-10,"Opposition protests falling cotton prices, slams govt - The Times of India"
2025-12-15,"| Falling rupee supports north India cotton yarn, prices up in Ludhiana - Fibre2Fashion"
2025-12-16,Cotton Market Braces for Prolonged Stagnation as Prices Hover Near 64 Cents - FinancialContent
2025-12-17,Karachi Cotton Association fails to issue cotton spot rates after 52 years - Dawn
2025-12-17,"ICE cotton futures slide on weak US exports, rising supply pressure - Fibre2Fashion"
2025-12-17,EFSA GMO Panel Releases Scientific Opinion on the Assessment of Three-Event Stack GM Cotton - ISAAA.org
2025-12-17,"From Farming to Fashion, the Trends Shaping the Cotton Industry for 2026 - Sourcing Journal"
2025-12-18,ICE cotton rises on short covering amid improved market sentiment - Fibre2Fashion
2025-12-18,| North Indian cotton yarn steady as mills pivot to exports - Fibre2Fashion
2025-12-19,"| South Indian cotton yarn supported by higher fibre, Tiruppur prices up - Fibre2Fashion"
2025-12-19,ICE cotton edges higher as short covering lifts prices - Fibre2Fashion
2025-12-20,"Cotton Prices Ease After Import Duty Removal, MSP Continues To Protect Farmers: Pabitra Margherita - KNN India"
2025-12-21,Cotton prices decrease after import duty exemption - The Times of India
2025-12-22,High waste cotton price: OE mills stop production - The New Indian Express
2025-12-23,"ICE cotton slips despite weaker dollar, cautious trade caps gains - Fibre2Fashion"
2025-12-23,| South India cotton yarn steady; Mumbai demand improves slightly - Fibre2Fashion
2025-12-23,Cotton crop takes 20 per cent hit - The Weekly Times
2025-12-24,"ICE cotton gains on short covering, weaker dollar support - Fibre2Fashion"
2025-12-26,| South Indian cotton yarn steady despite mills' price push - Fibre2Fashion
2025-12-26,"India: CCI's MSP buying scales up in 2025-26 season, lifting cotton prices despite weak market signals - BigMint"
2025-12-27,"ICE cotton hits three-week high on weaker US dollar, demand uptick - Fibre2Fashion"
2025-12-29,McNair Family Produces a Century of Cotton in the Coastal Bend - Cotton Grower
2025-12-30,ICE cotton sees mixed trend as year-end activity thins - Fibre2Fashion
2025-12-31,Brazil cotton prices slide in 2025 as exports absorb surplus - Fibre2Fashion
2026-01-01,"Duty-free cotton import ends, 1 1% taxes payable from today - The Times of India"
